,회사명,종목코드,상장일,상장유형,증권구분,상장주선인,액면가(원),공모가(원),공모금액(천원),최초상장주식수(주),1년후종가
0,메디톡스,086900,2009-01-16,신규상장,주권,한국투자증권(주),500,14000,3542784,5059000,23377
1,대성파인텍,104040,2009-01-23,신규상장,주권,KB증권(주),500,3500,1575000,2894000,555
2,유비쿼스,078070,2009-01-23,신규상장,주권,미래에셋증권(주),500,6100,6278120,10290000,6473
3,이수앱지스,086890,2009-02-03,신규상장,주권,삼성증권(주),500,5500,10450000,7443330,16578
4,삼성디지털이미징,108070,2009-03-10,재상장,주권,삼성증권(주),5000,0,0,23870000,45000
5,파인테크닉스,106240,2009-03-16,재상장,주권,하이투자증권(주),500,0,0,7913171,1952
6,KGP,109070,2009-03-17,재상장,주권,CLSA 코리아증권(주),5000,0,0,10839771,75955
7,한세실업,105630,2009-03-20,재상장,주권,유안타증권(주),500,0,0,30000000,5404
8,중국식품포장,900060,2009-03-27,신규상장,외국주권,신한금융투자(주),2,1500,9000000,20000000,5000
9,네오피델리티,101400,2009-03-31,신규상장,주권,한화투자증권(주),500,4500,2250000,2500000,7555
10,코오롱생명과학,102940,2009-04-07,신규상장,주권,삼성증권(주),500,23500,16920000,3420000,21758
11,뷰웍스,100120,2009-04-10,신규상장,주권,한국투자증권(주),500,9000,9450000,6047910,10316
12,에스앤에스텍,101490,2009-04-14,신규상장,주권,미래에셋대우(주),500,4000,9200000,10915980,4960
13,에스티오,098660,2009-04-17,신규상장,주권,삼성증권(주),500,5000,4700000,4998801,1760
14,엔에스브이,095300,2009-04-17,신규상장,주권,미래에셋대우(주),500,4300,10900500,8450000,8219
15,에이테크솔루션,071670,2009-04-17,신규상장,주권,KB증권(주),500,5400,2700000,10000000,23850
16,티플랙스,081150,2009-04-23,신규상장,주권,미래에셋증권(주),500,3000,3176910,5753000,2357
17,네프로아이티,950030,2009-04-24,신규상장,주식예탁증권,삼성증권(주),0,4500,3600000,3400000,5690
18,우림기계,101170,2009-04-28,신규상장,주권,유안타증권(주),500,10000,19580000,8687300,7367
19,신텍,099660,2009-04-30,신규상장,주권,엔에이치투자증권주식회사,500,12500,17500000,5450217,3558
20,흥국,010240,2009-05-12,신규상장,주권,한국투자증권(주),500,4200,4713156,5328000,1923
21,STX엔파코,071970,2009-05-15,신규상장,주권,"신한금융투자(주),엔에이치투자증권주식회사",2500,13000,29900000,22300000,4939103
22,서울마린,099220,2009-05-19,신규상장,주권,미래에셋증권(주),500,10000,31496800,10000000,8300
23,한국정밀기계,101680,2009-05-19,신규상장,주권,KB증권(주),500,22000,50490000,7640000,37636
24,해덕선기,102210,2009-05-21,신규상장,주권,메리츠증권(주),500,8500,20825000,8150000,1506
25,중국원양자원,900050,2009-05-22,신규상장,외국주권,KB증권(주),1,3100,53320000,57200000,3747
26,뉴그리드,099440,2009-05-26,신규상장,주권,미래에셋증권(주),500,3500,2091863,5650000,2906
27,이엔에프테크놀로지,102710,2009-05-28,신규상장,주권,한국투자증권(주),500,5500,14850000,14200000,8000
28,차이나그레이트,900040,2009-05-29,신규상장,외국주권,엔에이치투자증권(주)(농협),0,1700,51000000,100000000,1868
29,조이맥스,101730,2009-06-03,신규상장,주권,교보증권(주),500,55000,47891250,3400000,18558
30,어보브반도체,102120,2009-06-05,신규상장,주권,한국투자증권(주),500,3300,4059000,10546833,3425
31,동아지질,028100,2009-06-12,신규상장,주권,미래에셋대우(주),500,14500,50750000,11500000,15450
32,한미파슨스,053690,2009-06-23,신규상장,주권,삼성증권(주),500,14500,15950000,7100000,13250
33,대우캐피탈,033660,2009-06-25,신규상장,주권,한국투자증권(주),5000,8000,46400000,57200000,4155
34,동일금속,109860,2009-07-28,신규상장,주권,유안타증권(주),500,8000,16800000,7000000,7150
35,영원무역,111770,2009-07-30,재상장,주권,신한금융투자(주),500,0,0,40811468,8950
36,게임빌,063080,2009-07-30,신규상장,주권,유안타증권(주),500,15000,12600000,5484780,24800
37,키움증권,039490,2009-08-03,이전상장,주권,유안타증권(주),5000,0,0,19459476,44900
38,에스앤더블류,103230,2009-08-05,신규상장,주권,대신증권(주),500,6700,5360000,7200000,4050
39,동국S&C,100130,2009-08-31,신규상장,주권,삼성증권(주),500,11000,251430300,57143000,7200
40,톱텍,108230,2009-09-15,신규상장,주권,현대차증권주식회사,500,10400,20800000,5600000,3697
41,제넥신,095700,2009-09-15,신규상장,주권,"교보증권(주),미래에셋대우(주)",500,27000,27000000,4022870,7950
42,디에스케이,109740,2009-09-23,신규상장,주권,신한금융투자(주),500,5000,7500000,6000000,1760
43,모린스,110310,2009-09-25,신규상장,주권,"엔에이치투자증권주식회사,KB증권(주)",500,39000,53134068,7093439,8360
44,에리트베이직,093240,2009-09-28,신규상장,주권,신한금융투자(주),5000,4000,8000000,8000000,2273
45,케이엔더블유,105330,2009-09-29,신규상장,주권,키움증권(주),500,11000,9900000,4400000,12524
46,쌍용머티리얼,047400,2009-09-29,신규상장,주권,미래에셋대우(주),5000,17500,31500000,4200000,1220
47,아이앤씨,052860,2009-10-06,신규상장,주권,미래에셋증권(주),500,16000,37120000,11581182,9550
48,네오위즈벅스,104200,2009-10-06,신규상장,주권,엔에이치투자증권주식회사,500,9000,24599232,10140936,8830
49,동양생명보험,082640,2009-10-08,신규상장,주권,미래에셋대우(주),5000,17000,340379763,107523390,11950
50,한스바이오메드,042520,2009-10-09,신규상장,주권,한국투자증권(주),500,5500,4273500,7766243,3800
51,진로,000080,2009-10-19,신규상장,주권,"엔에이치투자증권주식회사,삼성증권(주)",5000,41000,590400000,42995303,37850
52,스틸플라워,087220,2009-10-27,신규상장,주권,미래에셋증권(주),500,13500,23625000,13000000,4117
53,비츠로셀,082920,2009-10-28,신규상장,주권,KB증권(주),500,5500,17600000,12676375,4462
54,황금에스티,032560,2009-10-29,이전상장,주권,미래에셋대우(주),5000,0,0,10000000,5931
55,진매트릭스,109820,2009-11-06,신규상장,주권,삼성증권(주),500,8000,6400000,3761000,2098
56,디엠씨,101000,2009-11-06,신규상장,주권,미래에셋증권(주),500,6300,4725000,4334000,5434
57,동방선기,099410,2009-11-10,신규상장,주권,신한금융투자(주),500,4000,7199840,6000000,2493
58,SK C&C,034730,2009-11-11,신규상장,주권,"한국투자증권(주),엔에이치투자증권주식회사,대신증권(주)",200,30000,540000000,50000000,91500
59,이너스텍,109960,2009-11-13,신규상장,주권,미래에셋대우(주),500,10000,3750000,1875000,1059
60,휴맥스,115160,2009-11-16,재상장,주권,한국투자증권(주),500,0,0,22886157,17550
61,지케이엘,114090,2009-11-19,신규상장,주권,미래에셋증권(주),500,12000,222680412,61855670,21950
62,강원비앤이,114190,2009-11-20,신규상장,주권,KB증권(주),500,4700,6580000,5300000,2238
63,이원컴포텍,088290,2009-12-01,신규상장,주권,신영증권(주),500,2000,2903036,5000000,1479
64,중국엔진집단,900080,2009-12-04,신규상장,외국주권,신한금융투자(주),1,6000,60000000,40000000,2835
65,디오텍,108860,2009-12-10,신규상장,주권,한화투자증권(주),500,9000,6444000,3577166,4548
66,한전기술,052690,2009-12-14,신규상장,주권,유안타증권(주),10000,21600,165110400,38220000,97300
67,위메이드,112040,2009-12-18,신규상장,주권,엔에이치투자증권주식회사,500,62000,130200000,7140000,17050
68,멜파스,096640,2009-12-18,신규상장,주권,한국투자증권(주),500,43200,53752291,5149001,28000
69,KPX생명과학,114450,2009-12-22,신규상장,주권,미래에셋증권(주),500,6200,34100000,15000000,3770
70,동양피엔에프,104460,2009-12-22,신규상장,주권,현대차증권주식회사,500,12000,20400000,6500000,6391
71,ITX시큐리티,099520,2009-12-22,신규상장,주권,한화투자증권(주),500,6000,7758000,5733000,1901
72,GSMT,900070,2009-12-23,신규상장,외국주권,미래에셋증권(주),0,3200,18540864,31694020,1375
73,코디에스,080530,2010-01-05,신규상장,주권,DB금융투자주식회사,500,6000,6048972,4868354,10795
74,승화엘엠씨,111610,2010-01-06,신규상장,주권,한화투자증권(주),500,6700,8937800,5334000,298154
75,우노,114630,2010-01-15,신규상장,주권,SK증권(주),500,6500,16945500,10500000,3450
76,영흥철강,012160,2010-01-25,신규상장,주권,미래에셋대우(주),5000,12000,26984304,5621724,915
77,아세아텍,050860,2010-01-26,신규상장,주권,IBK투자증권(주),500,4100,18040000,17500000,2515
78,스타플렉스,115570,2010-01-27,신규상장,주권,대신증권(주),500,15000,21000000,5400000,8450
79,우리넷,115440,2010-01-27,신규상장,주권,한국투자증권(주),500,6700,6412972,5528580,2810
80,락앤락,115390,2010-01-28,신규상장,주권,한국투자증권(주),500,15700,157000000,50000000,34667
81,지역난방공사,071320,2010-01-29,신규상장,주권,삼성증권(주),5000,45000,130275000,11578744,73100
82,코오롱인더,120110,2010-02-01,재상장,주권,엔에이치투자증권주식회사,5000,0,0,19493050,70500
83,에이치디시에스,105070,2010-02-02,신규상장,주권,하이투자증권(주),500,15000,14999985,5600000,7980
84,에스이티아이,114570,2010-02-04,신규상장,주권,삼성증권(주),500,17500,32900000,4697433,7277
85,모베이스,101330,2010-02-04,신규상장,주권,미래에셋증권(주),500,13200,18942000,6000000,2242
86,차이나하오란,900090,2010-02-05,신규상장,외국주권,신한금융투자(주),1,4700,47000000,40000000,3064
87,하이소닉,106080,2010-02-09,신규상장,주권,한화투자증권(주),500,13000,10400000,4762169,11399
88,인포바인,115310,2010-02-09,신규상장,주권,한국투자증권(주),500,33000,14850000,2970000,20400
89,이미지스,115610,2010-02-26,신규상장,주권,교보증권(주),500,6000,9960000,4913521,5490
90,대우증권스팩,121910,2010-03-03,신규상장,주권,미래에셋대우(주),1000,3500,87500000,27007000,3510
91,미래에셋스팩1호,121950,2010-03-12,신규상장,주권,미래에셋증권(주),500,1500,20000001,13933334,1595
92,대한생명,088350,2010-03-17,신규상장,주권,미래에셋대우(주),5000,8200,1780466000,868530000,7370
93,현대증권스팩1호,122350,2010-03-19,신규상장,주권,KB증권(주),100,6000,20004000,3859000,3078
94,동양밸류스팩,122290,2010-03-25,신규상장,주권,유안타증권(주),500,10000,45000000,4940000,9730
95,디지탈아리아,115450,2010-03-26,신규상장,주권,교보증권(주),500,11000,11510895,4182000,8430
96,차이나킹,900120,2010-03-31,신규상장,외국주권,엔에이치투자증권주식회사,0,3700,88800000,80000000,3322
97,케이씨에스,115500,2010-04-14,신규상장,주권,삼성증권(주),500,1600,5760000,12000000,2085
98,뉴프라이드,900100,2010-04-21,신규상장,외국주권,(주)상상인증권,0,7500,13875000,7000000,1055
99,동아체육용품,900110,2010-04-23,신규상장,외국주권,교보증권(주),1,5000,29995000,23000000,2146
100,신세계푸드,031440,2010-04-29,이전상장,주권,하나금융투자(주),5000,0,0,3428600,88100
101,우리스팩1호,122750,2010-05-11,신규상장,주권,엔에이치투자증권주식회사,5000,10000,35000000,3980000,9280
102,삼성생명,032830,2010-05-12,신규상장,주권,"한국투자증권(주),골드만삭스증권 서울지점",5000,110000,4888116200,200000000,98000
103,만도,060980,2010-05-19,신규상장,주권,"엔에이치투자증권주식회사,제이피모간증권회사 서울지점",5000,83000,498000000,18214033,81808
104,신한스팩1호,122690,2010-05-25,신규상장,주권,신한금융투자(주),100,5000,37500000,8250000,5389
105,모바일리더,100030,2010-05-25,신규상장,주권,한화투자증권(주),500,15000,9000000,2998000,8660
106,인피니트헬스케어,071200,2010-05-26,신규상장,주권,삼성증권(주),500,5200,15600000,23470467,8390
107,에스제이엠,123700,2010-05-31,재상장,주권,미래에셋증권(주),500,0,0,8603265,5097
108,한국화장품,123690,2010-06-01,재상장,주권,엔에이치투자증권주식회사,500,0,0,16068000,2390
109,투비소프트,079970,2010-06-01,신규상장,주권,한국투자증권(주),500,8000,3160000,2048120,1440
110,실리콘웍스,108320,2010-06-08,신규상장,주권,한국투자증권(주),500,67000,67000000,6505720,28550
111,솔라시아,070300,2010-06-09,신규상장,주권,한국투자증권(주),500,5000,4375000,4373900,4740
112,이연제약,102460,2010-06-10,신규상장,주권,KB증권(주),500,16500,21450000,11712000,7963
113,히든챔피언스팩1호,123160,2010-06-11,신규상장,주권,삼성증권(주),1000,2000,30000000,16100000,1750
114,케이엔디티,046120,2010-06-15,신규상장,주권,교보증권(주),500,8500,15300000,7117336,2845
115,유비벨록스,089850,2010-06-18,신규상장,주권,한국투자증권(주),500,11000,11000000,5410776,17000
116,처음앤씨,111820,2010-06-18,신규상장,주권,엔에이치투자증권주식회사,500,13000,11465766,3150000,2289
117,웅진에너지,103130,2010-06-30,신규상장,주권,대신증권(주),500,9500,150860000,62000000,102352
118,신영스팩1호,123750,2010-07-02,신규상장,주권,신영증권(주),500,1000,19700000,20220000,6395
119,한화SV스팩1호,124050,2010-07-09,신규상장,주권,한화투자증권(주),100,5000,20000000,4200000,4490
120,에스디시스템,121890,2010-07-16,신규상장,주권,미래에셋대우(주),500,14800,14060000,3800000,6456
121,무학,033920,2010-07-20,이전상장,주권,한국투자증권(주),5000,0,0,26212561,11838
122,크루셜텍,114120,2010-07-21,신규상장,주권,미래에셋증권(주),500,23500,28326618,8289547,83262
123,웨이포트,900130,2010-07-23,신규상장,외국주권,메리츠증권(주),1,1400,19558000,55880000,681
124,우진,105840,2010-07-26,신규상장,주권,한국투자증권(주),500,15000,32550000,7880000,8900
125,인터로조,119610,2010-07-28,신규상장,주권,한화투자증권(주),500,12000,12134208,4814000,4928
126,하이텍팜,106190,2010-07-28,신규상장,주권,현대차증권주식회사,500,11500,24150000,7000000,17700
127,대성산업,128820,2010-07-30,재상장,주권,하나금융투자(주),5000,0,0,3797761,102945
128,아이마켓코리아,122900,2010-07-30,신규상장,주권,미래에셋증권(주),5000,15300,137700000,35943340,26400
129,이글루시큐리티,067920,2010-08-04,신규상장,주권,미래에셋증권(주),500,14000,21000000,7500000,5992
130,엠에스오토텍,123040,2010-08-06,신규상장,주권,현대차증권주식회사,500,5500,15840000,8200000,3172
131,도화,002150,2010-08-12,신규상장,주권,엔에이치투자증권주식회사,5000,22000,44000000,16860000,9400
132,에스비아이앤솔로몬스팩,123910,2010-08-24,신규상장,주권,아이엠투자증권(주),500,1250,20000000,17000000,1090
133,대신증권그로쓰스팩,123550,2010-08-24,신규상장,주권,대신증권(주),1000,2000,20000000,10960000,1765
134,한국스팩1호,123290,2010-08-24,신규상장,주권,한국투자증권(주),200,2200,23100000,11290000,2030
135,교보KTB스팩,123410,2010-08-27,신규상장,주권,"교보증권(주),KTB투자증권(주)",100,4000,25000000,6784000,3795
136,에이치엠씨제1호스팩,126640,2010-08-31,신규상장,주권,현대차증권주식회사,100,2000,23560000,12500000,1760
137,이트레이드1호스팩,126700,2010-09-10,신규상장,주권,이베스트투자증권(주),100,2000,19000000,10210000,5049
138,와이솔,122990,2010-09-10,신규상장,주권,한화투자증권(주),500,8000,8000000,10200000,5284
139,씨젠,096530,2010-09-10,신규상장,주권,"대신증권(주),미래에셋대우(주)",500,30500,19413250,6158820,32815
140,현대홈쇼핑,057050,2010-09-13,신규상장,주권,"KB증권(주),하이투자증권(주),현대차증권주식회사",5000,90000,270000000,12000000,126500
141,다원시스,068240,2010-09-14,신규상장,주권,하이투자증권(주),500,11000,14868810,6400000,3134
142,성융광전투자,900150,2010-09-15,신규상장,외국주권,미래에셋대우(주),1,2800,50400000,72000000,2370
143,KTcs,058850,2010-09-16,신규상장,주권,한국투자증권(주),5000,2600,18597462,47685000,2320
144,포메탈,119500,2010-09-17,신규상장,주권,IBK투자증권(주),500,6000,10800000,5987340,7400
145,알파칩스,117670,2010-09-17,신규상장,주권,KB증권(주),500,12000,7200000,4016448,8134
146,휠라코리아,081660,2010-09-28,신규상장,주권,삼성증권(주),5000,35000,113750000,8567073,13780
147,키움스팩1호,123840,2010-10-05,신규상장,주권,키움증권(주),100,2000,20000000,10540000,1762
148,오미디어홀딩스,130960,2010-10-15,재상장,주권,엔에이치투자증권주식회사,5000,0,0,4958257,39150
149,아이씨코리아,068940,2010-10-19,신규상장,주권,한화투자증권(주),500,2800,4200000,10937077,816
150,인화정공,101930,2010-10-22,신규상장,주권,신한금융투자(주),500,26000,31200000,4344504,8758
151,코렌,078650,2010-10-22,신규상장,주권,미래에셋대우(주),500,5800,6960000,4650271,1438
152,아이텍반도체,119830,2010-10-26,신규상장,주권,미래에셋대우(주),500,9100,8190000,4612500,3400
153,누리플랜,069140,2010-10-26,신규상장,주권,현대차증권주식회사,500,5500,6050000,4310000,6674
154,부국퓨쳐스타즈스팩,123300,2010-10-29,신규상장,주권,부국증권(주),500,2000,11800000,6670000,1800
155,동양시스템즈,030790,2010-11-02,이전상장,주권,DB금융투자주식회사,5000,0,0,27200000,47890
156,케이엔엔,058400,2010-11-03,신규상장,주권,미래에셋증권(주),5000,9000,11970000,13242972,601
157,삼본정밀전자,111870,2010-11-05,신규상장,주권,KB증권(주),500,8800,17600000,9500000,1356
158,아나패스,123860,2010-11-05,신규상장,주권,"미래에셋대우(주),IBK투자증권(주)",500,52000,24440000,3366190,8610
159,하나그린스팩,123420,2010-11-10,신규상장,주권,하나금융투자(주),100,4000,20000000,5232000,17275
160,코프라,126600,2010-11-12,신규상장,주권,미래에셋증권(주),500,7000,12320000,5800000,1645
161,디케이락,105740,2010-11-12,신규상장,주권,신한금융투자(주),500,7500,15000000,6200000,6870
162,한국전자인증,041460,2010-11-19,신규상장,주권,한국투자증권(주),500,1600,2240000,21400000,1355
163,케이티롤,122800,2010-11-26,신규상장,주권,대신증권(주),500,6800,7172681,4200000,1360
164,시그네틱스,033170,2010-11-26,신규상장,주권,"신한금융투자(주),미래에셋증권(주)",500,2600,36526963,77288319,4605
165,대구방송,033830,2010-11-29,신규상장,주권,부국증권(주),5000,7500,7500000,10000000,607
166,코라오홀딩스,900140,2010-11-30,신규상장,외국주권,IBK투자증권(주),0,4800,56317056,38400000,5973
167,세우테크,096690,2010-12-01,신규상장,주권,신한금융투자(주),500,5500,8250000,5000000,9359
168,하이제1호스팩,131030,2010-12-03,신규상장,주권,하이투자증권(주),500,4000,27000000,7250000,3756
169,동부티에스블랙펄스팩,128910,2010-12-08,신규상장,주권,DB금융투자주식회사,100,2000,22500000,12300000,1880
170,피제이메탈,128660,2010-12-13,재상장,주권,하나금융투자(주),500,0,0,21722658,2200
171,한전산업,130660,2010-12-16,신규상장,주권,신한금융투자(주),500,5500,71720000,32600000,6890
172,케이티스,058860,2010-12-17,신규상장,주권,엔에이치투자증권주식회사,5000,2700,11625687,34802000,2700
173,대정화금,120240,2010-12-20,신규상장,주권,현대차증권주식회사,500,9200,21160000,5537272,13400
174,IBKS스팩1호,126680,2010-12-22,신규상장,주권,IBK투자증권(주),500,1000,20000000,20880000,939
175,현대에이치씨엔,126560,2010-12-23,신규상장,주권,KB증권(주),500,3800,83600000,84727220,2770
176,대구도시가스,117580,2010-12-24,신규상장,주권,신한금융투자(주),1000,5400,40500000,27500000,5390
177,액트,131400,2010-12-27,신규상장,주권,한국투자증권(주),500,2700,10800000,15000000,3980
178,두산엔진,082740,2011-01-04,신규상장,주권,"미래에셋대우(주),유안타증권(주)",1000,19300,202650000,69500000,8227
179,케이비게임앤앱스스팩,131370,2011-01-05,신규상장,주권,케이비투자증권(주),100,2500,20000000,8620001,2453
180,티에스이,131290,2011-01-05,신규상장,주권,한국투자증권(주),500,45000,36549000,3248298,12950
181,인텍플러스,064290,2011-01-05,신규상장,주권,한국투자증권(주),500,7000,7000000,8005000,5700
182,다나와,119860,2011-01-24,신규상장,주권,한국투자증권(주),500,14000,20141044,6600000,3730
183,씨그널정보통신,099830,2011-01-24,신규상장,주권,신영증권(주),500,8500,7582000,3400000,14235
184,팀스,134790,2011-01-25,재상장,주권,엔에이치투자증권주식회사,1000,0,0,1000000,11000
185,중국고섬,950070,2011-01-25,신규상장,주식예탁증권,미래에셋대우(주),0,7000,210000000,30000000,4165
186,인트론바이오,048530,2011-01-26,신규상장,주권,신한금융투자(주),500,6100,3050000,9163333,4948
187,블루콤,033560,2011-01-26,신규상장,주권,엔에이치투자증권주식회사,500,12000,32400000,9600000,6112
188,딜리,131180,2011-01-31,신규상장,주권,KB증권(주),500,8000,11760000,5470000,1208
189,제이엔케이히터,126880,2011-01-31,신규상장,주권,엔에이치투자증권주식회사,500,13600,27200000,8000000,11810
190,엘비세미콘,061970,2011-01-31,신규상장,주권,한국투자증권(주),500,4700,37600000,43274592,3195
191,티피씨글로벌,130740,2011-02-08,신규상장,주권,신영증권(주),500,5200,6760000,5610345,6667
192,케이아이엔엑스,093320,2011-02-08,신규상장,주권,하나금융투자(주),500,8000,5760000,4800000,11000
193,나노신소재,121600,2011-02-09,신규상장,주권,한국투자증권(주),500,17000,30243000,7116000,16467
194,선진,136490,2011-02-16,재상장,주권,미래에셋대우(주),500,0,0,8140000,3466
195,현대위아,011210,2011-02-21,신규상장,주권,미래에셋증권(주),5000,65000,520000000,25730119,138000
196,부스타,008470,2011-02-23,신규상장,주권,현대차증권주식회사,500,4200,8568000,8160000,4725
197,일진머티리얼즈,020150,2011-03-04,신규상장,주권,미래에셋증권(주),500,15800,185829520,39200000,15394
198,BS금융지주,138930,2011-03-30,신규상장,주권,유안타증권(주),5000,0,0,193379899,12582
199,티케이케미칼,104480,2011-04-26,신규상장,주권,엔에이치투자증권주식회사,500,5000,198000000,90000000,2275
200,이퓨쳐,134060,2011-04-27,신규상장,주권,삼성증권(주),500,6400,5760000,3635000,3460
201,한국종합기술,023350,2011-04-28,신규상장,주권,"메리츠증권(주),엔에이치투자증권주식회사",500,7100,22323252,10950000,7500
202,윈스테크넷,136540,2011-05-02,재상장,주권,엔에이치투자증권(주)(농협),500,0,0,9841600,7370
203,하림,136480,2011-05-02,재상장,주권,미래에셋대우(주),500,0,0,53945938,4344
204,골프존,121440,2011-05-20,신규상장,주권,한국투자증권(주),500,85000,170000000,12283023,10257
205,KMH,122450,2011-05-25,신규상장,주권,IBK투자증권(주),500,9500,29391480,12375360,2087
206,세아특수강　　　　,019440,2011-06-01,신규상장,주권,하나금융투자(주),5000,28000,72318960,8570000,19650
207,엘티에스,138690,2011-06-02,신규상장,주권,엔에이치투자증권주식회사,500,34000,24598286,3600000,9940
208,케이티스카이라이프,053210,2011-06-03,신규상장,주권,미래에셋대우(주),2500,17000,42500000,47666614,18450
209,DGB금융지주,139130,2011-06-07,신규상장,주권,한국투자증권(주),5000,0,0,134053154,14173
210,이마트,139480,2011-06-10,재상장,주권,삼성증권(주),5000,0,0,27875819,249000
211,완리,900180,2011-06-13,신규상장,외국주권,삼성증권(주),1,4100,50020000,48696351,1318
212,넥스트아이,137940,2011-06-14,신규상장,주권,한국투자증권(주),500,10000,10000000,5810945,1187
213,리켐,131100,2011-06-14,신규상장,주권,SK증권(주),500,14000,16399600,4270000,19639
214,코오롱플라스틱,138490,2011-06-15,신규상장,주권,미래에셋대우(주),1000,4300,37410000,29000000,5643
215,쓰리피시스템,110500,2011-06-17,신규상장,주권,부국증권(주),500,5800,9912954,6800000,4200
216,엠케이트렌드,069640,2011-06-21,신규상장,주권,엔에이치투자증권주식회사,500,11000,26400000,8000000,5767
217,탑금속,019770,2011-06-24,신규상장,주권,KB증권(주),500,6500,21450000,11650000,4380
218,하이마트,071840,2011-06-29,신규상장,주권,미래에셋대우(주),5000,59000,419747830,23607712,47400
219,한국항공우주,047810,2011-06-30,신규상장,주권,"엔에이치투자증권주식회사,KB증권(주)",5000,15500,567515187,97475107,29400
220,대양전기공업,108380,2011-07-08,신규상장,주권,삼성증권(주),500,9000,25650000,9495300,9800
221,옵티시스,109080,2011-07-12,신규상장,주권,키움증권(주),500,7600,5320000,5636000,5110
222,나이벡,138610,2011-07-13,신규상장,주권,대신증권(주),500,10000,7340000,2935996,4543
223,신세계인터내셔날,031430,2011-07-14,신규상장,주권,한국투자증권(주),5000,65000,130000000,7140000,82500
224,상아프론테크,089980,2011-07-21,신규상장,주권,한국투자증권(주),500,6000,15000000,12289470,3955
225,삼원강재,023000,2011-07-22,신규상장,주권,미래에셋대우(주),500,4000,40000000,40000000,4105
226,경봉,139050,2011-07-29,신규상장,주권,유안타증권(주),500,7100,9478500,5100040,4296
227,제닉,123330,2011-08-03,신규상장,주권,교보증권(주),500,22000,19800000,3922909,30762
228,아이씨디,040910,2011-08-05,신규상장,주권,유안타증권(주),500,34000,52700000,7721832,13200
229,제이씨케미칼,137950,2011-08-08,신규상장,주권,삼성증권(주),500,7200,24048000,13340000,3315
230,화진,134780,2011-08-10,신규상장,주권,현대차증권주식회사,500,4300,12304880,12100000,1764
231,에이블씨엔씨,078520,2011-09-07,이전상장,주권,미래에셋대우(주),500,0,0,9421492,44096
232,아이디스,143160,2011-09-26,재상장,주권,대신증권(주),500,0,0,3106200,18404
233,피앤이솔루션,131390,2011-09-27,신규상장,주권,교보증권(주),500,8000,12000000,6176000,3690
234,대한과학,131220,2011-10-11,신규상장,주권,미래에셋대우(주),500,3000,4200000,5525130,11355
235,넥솔론,110570,2011-10-14,신규상장,주권,엔에이치투자증권주식회사,5000,4000,85490200,79065200,6686
236,로보스타,090360,2011-10-17,신규상장,주권,미래에셋증권(주),500,5800,6805888,7800000,5940
237,케이맥,043290,2011-10-25,신규상장,주권,KB증권(주),500,14500,17400000,6188500,2333
238,테라세미콘,123100,2011-11-01,신규상장,주권,"삼성증권(주),케이프투자증권주식회사",500,13500,16200000,8045902,15700
239,하나투어,039130,2011-11-01,이전상장,주권,대신증권(주),5000,0,0,11616185,61400
240,씨엔플러스,115530,2011-11-02,신규상장,주권,한국투자증권(주),500,11500,9200000,4150001,1698
241,신흥기계,007820,2011-11-08,신규상장,주권,한국투자증권(주),500,8500,13396000,6643000,5305
242,씨큐브,101240,2011-11-08,신규상장,주권,대신증권(주),500,5750,5510731,5500000,3178
243,테크윙,089030,2011-11-10,신규상장,주권,한국투자증권(주),500,23000,14950000,4771040,5330
244,아이테스트,089530,2011-11-11,신규상장,주권,미래에셋증권(주),500,2400,24000000,46330294,2135
245,쎄미시스코,136510,2011-11-18,신규상장,주권,하이투자증권(주),500,9500,9137100,3600000,3813
246,와이지엔터테인먼트,122870,2011-11-23,신규상장,주권,미래에셋대우(주),500,34000,42382326,4986157,43708
247,이엠넷,123570,2011-11-25,신규상장,주권,케이비투자증권(주),500,6400,9600000,5500000,2850
248,신진에스엠,138070,2011-11-28,신규상장,주권,한화투자증권(주),500,15000,13500000,4500000,7490
249,에스에프씨,112240,2011-11-30,신규상장,주권,엔에이치투자증권주식회사,500,14000,22860600,6432621,2095
250,티브이로직,121800,2011-12-01,신규상장,주권,한국투자증권(주),500,12000,12600000,5250000,7000
251,넥스트리밍,139670,2011-12-02,신규상장,주권,신한금융투자(주),500,6000,3975600,6625551,3134
252,삼양사,145990,2011-12-05,재상장,주권,미래에셋증권(주),5000,0,0,4426573,51600
253,사파이어테크놀로지,123260,2011-12-05,신규상장,주권,한국투자증권(주),500,65000,52650000,5995369,28735
254,씨유메디칼,115480,2011-12-15,신규상장,주권,KB증권(주),500,12000,9600000,4780806,5567
255,인터지스,129260,2011-12-16,신규상장,주권,삼성증권(주),1000,10000,58350000,13138560,3870
256,서암기계공업,100660,2011-12-19,신규상장,주권,한국투자증권(주),500,3800,11970000,12600000,3430
257,시큐브,131090,2011-12-21,신규상장,주권,SK증권(주),500,4900,4458226,6200000,555
258,나이스디앤비,130580,2011-12-22,신규상장,주권,대신증권(주),500,1700,6664000,15400000,2310
259,GS리테일,007070,2011-12-23,신규상장,주권,"한국투자증권(주),엔에이치투자증권주식회사",1000,19500,300300000,77000000,29300
260,디엔에이링크,127120,2011-12-26,신규상장,주권,미래에셋증권(주),500,7700,5069819,4115930,10265
261,원익머트리얼즈,104830,2011-12-28,신규상장,주권,유안타증권(주),500,27000,45029277,5800000,17825
262,동아팜텍,140410,2012-01-20,신규상장,주권,엔에이치투자증권주식회사,500,24000,54408000,8068000,20200
263,남화토건,091590,2012-01-31,신규상장,주권,현대차증권주식회사,500,3000,9000000,11740000,4930
264,제룡산업,147830,2012-02-13,재상장,주권,유안타증권(주),500,0,0,7932320,4078
265,뉴로스,126870,2012-02-15,신규상장,주권,교보증권(주),500,8500,4250000,4191242,3341
266,사람인에이치알,143240,2012-02-21,신규상장,주권,KB증권(주),500,5000,12150350,8800000,13164
267,휴비스,079980,2012-02-23,신규상장,주권,미래에셋대우(주),5000,12200,200141000,34500000,10750
268,빛샘전자,072950,2012-03-21,신규상장,주권,미래에셋증권(주),500,4400,3432000,5000000,4977
269,코오롱머티리얼,144620,2012-04-05,신규상장,주권,엔에이치투자증권주식회사,5000,14500,43500000,9000000,2140
270,SBI모기지,950100,2012-04-30,신규상장,주식예탁증권,하나금융투자(주),0,7000,49861000,23741000,13250
271,비아트론,141000,2012-05-04,신규상장,주권,한국투자증권(주),500,15900,18285000,9931870,19600
272,사조씨푸드,014710,2012-06-29,신규상장,주권,미래에셋증권(주),5000,10600,63880794,17218543,5700
273,피엔티,137400,2012-07-06,신규상장,주권,하나금융투자(주),500,17000,13712846,3209547,3549
274,디지탈옵틱,106520,2012-07-13,신규상장,주권,신한금융투자(주),500,11500,15807900,5393177,13478
275,네이블커뮤니케이션즈,153460,2012-07-19,신규상장,주권,한국투자증권(주),500,9000,5400000,4326601,12503
276,엠씨넥스,097520,2012-07-25,신규상장,주권,한국투자증권(주),500,15000,12000000,5749271,6025
277,우양에이치씨,101970,2012-07-26,신규상장,주권,한화투자증권(주),500,5500,13915000,12090183,5000
278,AJ렌터카,068400,2012-07-27,신규상장,주권,한국투자증권(주),500,7000,38850000,22146300,12650
279,나노스,151910,2012-08-02,신규상장,주권,한화투자증권(주),500,7000,10500000,7316920,7968
280,모다정보통신,149940,2012-09-25,신규상장,주권,키움증권(주),500,7000,4900000,4908000,4600
281,코이즈,121850,2012-09-27,신규상장,주권,한국투자증권(주),500,7500,8850000,6156166,4786
282,아바텍,149950,2012-11-06,신규상장,주권,한국투자증권(주),500,6300,18585000,16000000,11000
283,씨제이헬로비전,037560,2012-11-09,신규상장,주권,"미래에셋대우(주),하이투자증권(주),제이피모간증권회사 서울지점",2500,16000,293210336,69262895,21145
284,와이엠씨,155650,2012-11-15,신규상장,주권,엔에이치투자증권주식회사,500,6000,11677914,9731593,2819
285,맥스로텍,141070,2012-11-16,신규상장,주권,미래에셋증권(주),500,7000,7000000,5714280,2019
286,지엠비코리아,013870,2012-11-20,신규상장,주권,신한금융투자(주),500,6000,34313160,19072280,8800
287,디젠스,113810,2012-11-22,신규상장,주권,엔에이치투자증권주식회사,500,1800,9000000,18250000,1244
288,우리로광통신,046970,2012-11-27,신규상장,주권,미래에셋증권(주),500,10300,21504103,6742878,2805
289,SBI액시즈,950110,2012-12-17,신규상장,주식예탁증권,하나금융투자(주),0,3600,19229040,21365400,2720
290,CS엘쏠라,159910,2012-12-27,신규상장,주권,키움증권(주),500,10000,12000000,8074763,1492
291,포티스,141020,2013-01-29,신규상장,주권,하나금융투자(주),500,3900,4853550,4977833,1795
292,아이센스,099190,2013-01-30,신규상장,주권,엔에이치투자증권주식회사,500,19000,17100000,8969634,30029
293,우리이앤엘,153490,2013-02-05,신규상장,주권,KB증권(주),500,4900,44100000,32000000,3582
294,아이원스,114810,2013-02-07,신규상장,주권,엔에이치투자증권주식회사,500,4500,9884160,8500000,3244
295,지디,155960,2013-02-13,신규상장,주권,미래에셋증권(주),500,18000,43200000,11934061,11866
296,제로투세븐,159580,2013-02-19,신규상장,주권,KB증권(주),500,8300,24900000,11540000,10900
297,코렌텍,104540,2013-03-05,신규상장,주권,한국투자증권(주),500,16000,19200000,7883661,23028
298,윈팩,097800,2013-03-07,신규상장,주권,키움증권(주),500,4000,10109624,14200000,1820
299,세호로보트,158310,2013-04-03,신규상장,주권,IBK투자증권(주),500,7800,8580000,4221000,9880
300,삼목강업,158380,2013-04-30,신규상장,주권,교보증권(주),1000,2600,8320000,10200000,5280
301,레고켐바이오,141080,2013-05-10,신규상장,주권,한국투자증권(주),500,15500,21700000,5771250,10259
302,DSR,155660,2013-05-15,신규상장,주권,엔에이치투자증권주식회사,500,4000,16000000,16000000,4040
303,엑세스바이오,950130,2013-05-30,신규상장,주식예탁증권,"유진투자증권(주),엔에이치투자증권주식회사",0,4500,22888431,26000000,12550
304,나스미디어,089600,2013-07-17,신규상장,주권,케이비투자증권(주),500,8800,16887200,8246432,16656
305,KG ETS,151860,2013-07-24,신규상장,주권,엔에이치투자증권주식회사,500,3800,30827120,36000000,5200
306,파이오링크,170790,2013-08-01,신규상장,주권,케이프투자증권주식회사,500,10500,12600000,5142330,11300
307,금호엔티,130500,2013-08-02,신규상장,주권,미래에셋증권(주),500,3100,7440000,7000000,3222
308,아미코젠,092040,2013-09-12,신규상장,주권,엔에이치투자증권주식회사,500,25000,15762975,4125000,24284
309,지엔씨에너지,119850,2013-10-02,신규상장,주권,교보증권(주),500,6000,7200000,4346667,3900
310,엘티씨,170920,2013-10-08,신규상장,주권,키움증권(주),500,20500,26728474,6550000,15550
311,파수닷컴,150900,2013-10-18,신규상장,주권,삼성증권(주),500,5800,9280000,7929695,8550
312,테스나,131970,2013-10-22,신규상장,주권,키움증권(주),500,13500,9767952,6850000,6491
313,현대로템,064350,2013-10-30,신규상장,주권,미래에셋대우(주),5000,23000,622380000,85000000,21850
314,(주)내츄럴엔도텍,168330,2013-10-31,신규상장,주권,키움증권(주),500,40000,21200000,5260120,56100
315,해성옵틱스,076610,2013-11-06,신규상장,주권,엔에이치투자증권주식회사,500,6600,21615330,16375000,3566
316,에이씨티,138360,2013-11-08,신규상장,주권,한국투자증권(주),500,8100,8505000,6000000,3947
317,미동전자통신,161570,2013-11-13,신규상장,주권,엔에이치투자증권주식회사,500,20000,19417460,3000000,5200
318,램테크놀러지,171010,2013-11-18,신규상장,주권,한국투자증권(주),500,3900,4875000,6826647,2846
319,라이온켐텍,171120,2013-11-19,신규상장,주권,하나금융투자(주),500,12500,37011563,10163425,13515
320,우리스팩2호,182360,2013-11-21,신규상장,주권,엔에이치투자증권주식회사,100,2000,13000000,7000000,2335
321,신송홀딩스,006880,2013-11-21,신규상장,주권,엔에이치투자증권주식회사,500,6500,23066277,11828858,8620
322,디엠티,134580,2013-11-26,신규상장,주권,하나금융투자(주),500,5700,6113632,7500000,3371
323,엔브이에이치코리아,067570,2013-12-03,신규상장,주권,미래에셋증권(주),500,4500,38250000,28722222,4150
324,현대공업,170030,2013-12-04,신규상장,주권,신영증권(주),500,7500,22525763,10000000,6000
325,알티캐스트,085810,2013-12-06,신규상장,주권,한국투자증권(주),500,8500,17000000,18194997,9900
326,인트로메딕,150840,2013-12-19,신규상장,주권,한국투자증권(주),500,6000,4200000,6952178,6925
327,기가레인,049080,2013-12-19,신규상장,주권,하나금융투자(주),500,5500,21786023,15963213,5238
328,키움스팩2호,184230,2013-12-20,신규상장,주권,키움증권(주),100,2000,13000000,7000000,2220
329,솔루에타,154040,2013-12-27,신규상장,주권,키움증권(주),500,24000,24000000,5129925,7300
330,이지웰페어,090850,2013-12-27,신규상장,주권,한국투자증권(주),500,4400,4400000,9893000,5225
331,한국정보인증,053300,2014-02-04,신규상장,주권,KB증권(주),500,1800,9720000,26965000,3485
332,인터파크INT,108790,2014-02-06,신규상장,주권,미래에셋대우(주),500,7700,52414462,32430190,23900
333,오이솔루션,138080,2014-02-27,신규상장,주권,대신증권(주),500,10000,7769450,5179610,12592
334,케이비제2호스팩,192250,2014-04-28,신규상장,주권,케이비투자증권(주),100,2000,14800000,7715100,2565
335,유진스팩1호,187790,2014-05-08,신규상장,주권,유진투자증권(주),100,2000,10000000,5500000,6311
336,BGF리테일,027410,2014-05-19,신규상장,주권,삼성증권(주),1000,41000,252561230,24640080,34537
337,캐스텍코리아,071850,2014-05-27,신규상장,주권,한국투자증권(주),500,6500,16250000,12373089,7500
338,하나머스트스팩,194610,2014-06-10,신규상장,주권,하나금융투자(주),100,2000,5000000,2710000,2810
339,트루윈,105550,2014-07-11,신규상장,주권,하나금융투자(주),500,10500,12600000,6336000,9016
340,화인베스틸,133820,2014-07-22,신규상장,주권,KB증권(주),500,4700,30237732,32100000,3310
341,미래에셋제2호스팩,200130,2014-07-23,신규상장,주권,미래에셋증권(주),100,2000,13000000,7000000,41458
342,아진엑스텍,059120,2014-07-24,이전상장,주권,신한금융투자(주),500,7000,7000000,5630000,4796
343,윈하이텍,192390,2014-07-25,신규상장,주권,엔에이치투자증권주식회사,500,8300,21912000,6600300,6480
344,창해에탄올,004650,2014-07-30,신규상장,주권,엔에이치투자증권주식회사,500,8300,15777229,6175230,34550
345,덕신하우징,090410,2014-08-01,신규상장,주권,KB증권(주),500,13000,26000000,8012000,1622
346,파버나인,177830,2014-08-04,신규상장,주권,"한국투자증권(주),케이비투자증권(주)",500,12500,13750000,4083000,3990
347,쿠쿠전자,192400,2014-08-06,신규상장,주권,엔에이치투자증권주식회사,500,104000,254887360,9803360,223705
348,신화콘텍,187270,2014-08-08,신규상장,주권,KB증권(주),500,9100,14560000,7469661,4898
349,우리스팩3호,198440,2014-08-13,신규상장,주권,엔에이치투자증권주식회사,100,2000,13000000,7000000,2259
350,감마누,192410,2014-08-14,신규상장,주권,한국투자증권(주),500,11000,3960000,2406800,28166
351,케이비제3호스팩,203690,2014-09-30,신규상장,주권,케이비투자증권(주),100,2000,20000000,10520000,5500
352,데브시스터즈,194480,2014-10-06,신규상장,주권,엔에이치투자증권주식회사,500,53000,143100000,10800000,31550
353,메디아나,041920,2014-10-07,이전상장,주권,케이비투자증권(주),500,6200,8928000,7220780,15335
354,신한제2호SPAC,203650,2014-10-13,신규상장,주권,신한금융투자(주),100,2000,10000000,5500000,1980
355,대우스팩2호,204440,2014-10-22,신규상장,주권,미래에셋대우(주),100,2000,10500000,5750000,2019
356,영우디에스피,143540,2014-10-29,신규상장,주권,키움증권(주),500,5000,6500000,4606182,2593
357,테라셈,182690,2014-10-30,이전상장,주권,한국투자증권(주),500,3000,5400000,13966340,3730
358,슈피겐코리아,192440,2014-11-05,신규상장,주권,삼성증권(주),500,27500,50875000,6216363,77000
359,테고사이언스,191420,2014-11-06,신규상장,주권,엔에이치투자증권주식회사,500,13500,7191437,3560000,14500
360,교보위드스팩,205100,2014-11-07,신규상장,주권,교보증권(주),100,2000,7800000,4200000,3610
361,현대에이블스팩1호,204760,2014-11-10,신규상장,주권,KB증권(주),100,2000,10000000,5525000,2050
362,케이비제4호스팩,205500,2014-11-12,신규상장,주권,케이비투자증권(주),100,2000,20000000,10520000,9500
363,삼성에스디에스,018260,2014-11-14,신규상장,주권,"한국투자증권(주),골드만삭스증권 서울지점,제이피모간증권회사 서울지점",500,190000,1158924760,77377800,242500
364,디에이테크놀로지,196490,2014-11-19,신규상장,주권,대신증권(주),500,6600,9464400,5243700,9525
365,유안타제1호스팩,204620,2014-11-19,신규상장,주권,유안타증권(주),100,2000,11000000,6000000,5227
366,IBKS제2호스팩,204840,2014-11-20,신규상장,주권,IBK투자증권(주),100,2000,8000000,4500000,2658
367,파티게임즈,194510,2014-11-21,신규상장,주권,엔에이치투자증권주식회사,500,13000,12480000,4592400,15150
368,케이티비스팩1호,204650,2014-11-24,신규상장,주권,KTB투자증권(주),100,2000,10000000,5500000,2030
369,텔콘,200230,2014-11-24,신규상장,주권,대신증권(주),500,14500,20300000,5022000,672
370,씨에스윈드,112610,2014-11-27,신규상장,주권,"삼성증권(주),미래에셋증권(주)",500,43500,256650000,17285715,11198
371,하이제2호스팩,205470,2014-12-01,신규상장,주권,하이투자증권(주),100,2000,10000000,5500000,2512
372,에프엔씨,173940,2014-12-04,신규상장,주권,유진투자증권(주),500,28000,39200000,6302915,22650
373,대창스틸,140520,2014-12-05,신규상장,주권,하나금융투자(주),500,2500,5500000,14566000,3990
374,SKC코오롱PI,178920,2014-12-08,신규상장,주권,한국투자증권(주),500,8000,102400000,29366322,11350
375,한국2호스팩,206400,2014-12-10,신규상장,주권,한국투자증권(주),100,2000,10000000,5500000,8210
376,동부스팩2호,207760,2014-12-12,신규상장,주권,DB금융투자주식회사,100,2000,10000000,5500000,5700
377,알테오젠,196170,2014-12-12,신규상장,주권,한국투자증권(주),500,26000,23400000,5579333,5559
378,비씨월드제약,200780,2014-12-15,신규상장,주권,"대신증권(주),미래에셋대우(주)",200,15700,25999859,5855723,23830
379,에이디테크놀로지,200710,2014-12-16,신규상장,주권,한국투자증권(주),500,15000,15000000,4009695,5455
380,랩지노믹스,084650,2014-12-16,이전상장,주권,한국투자증권(주),500,13200,3300000,3966276,14871
381,하나머스트2호스팩,208370,2014-12-17,신규상장,주권,하나금융투자(주),100,2000,10000000,5400000,11325
382,엘아이지스팩 2호,208140,2014-12-17,신규상장,주권,케이프투자증권주식회사,100,2000,5000000,2710000,1795
383,우리SL스팩,207720,2014-12-17,신규상장,주권,엔에이치투자증권주식회사,100,2000,4000000,2505000,2035
384,디티앤씨,187220,2014-12-17,신규상장,주권,키움증권(주),500,18500,39534500,9437374,17200
385,하이로닉,149980,2014-12-17,이전상장,주권,신한금융투자(주),500,51000,28050000,2774729,14000
386,녹십자엠에스,142280,2014-12-17,신규상장,주권,한국투자증권(주),500,6000,12000000,9560000,11839
387,제일모직,028260,2014-12-18,신규상장,주권,미래에셋대우(주),100,53000,1523747350,135000000,147500
388,뉴,160550,2014-12-23,신규상장,주권,엔에이치투자증권주식회사,500,16300,33764831,13203053,10100
389,아이티센,124500,2014-12-23,이전상장,주권,IBK투자증권(주),500,7500,7500000,4311520,5030
390,아스트,067390,2014-12-24,신규상장,주권,케이비투자증권(주),500,9500,27119470,12516293,21112
391,오킨스전자,080580,2014-12-24,신규상장,주권,미래에셋증권(주),500,7100,13010920,6200000,3925
392,교보3호스팩,208710,2014-12-24,신규상장,주권,교보증권(주),100,2000,10000000,5100000,2175
393,케이비제5호스팩,208350,2014-12-24,신규상장,주권,케이비투자증권(주),100,2000,9082200,5220000,11013
394,서전기전,189860,2014-12-24,신규상장,주권,DB금융투자주식회사,500,6500,7884500,4849390,3680
395,하나머스트3호스팩,208870,2014-12-24,신규상장,주권,하나금융투자(주),100,2000,4500000,2360000,2005
396,하이셈,200470,2014-12-26,신규상장,주권,미래에셋대우(주),500,1500,6534000,17553680,1760
397,휴메딕스,200670,2014-12-26,신규상장,주권,한국투자증권(주),500,28000,28000000,5689031,49558
398,엔에이치스팩2호,206640,2014-12-29,신규상장,주권,엔에이치투자증권(주)(농협),100,2000,8540000,4600000,31393
399,현대드림스팩2호,204630,2014-12-29,신규상장,주권,KB증권(주),100,2000,13000000,6815000,2280
400,영백씨엠,193250,2014-12-29,신규상장,주권,하나금융투자(주),500,5500,3704250,2693705,2280
401,국일신동,060480,2014-12-29,신규상장,주권,IBK투자증권(주),500,1700,5100000,11090000,2240
402,케이비제6호스팩,208640,2014-12-29,신규상장,주권,케이비투자증권(주),100,2000,30000000,16000000,1733
403,골든브릿지제2호스팩,206660,2015-02-05,신규상장,주권,(주)상상인증권,100,2000,7000000,3900000,1990
404,포시에스,189690,2015-02-11,신규상장,주권,DB금융투자주식회사,500,9100,11830000,6212799,5351
405,세화아이엠씨,145210,2015-03-19,신규상장,주권,한국투자증권(주),500,16300,21361150,11335440,2411
406,케이비제7호스팩,214270,2015-03-25,신규상장,주권,케이비투자증권(주),100,2000,8000000,5350000,3012
407,엔에스쇼핑,138250,2015-03-27,신규상장,주권,"한국투자증권(주),하나금융투자(주),미래에셋증권(주)",5000,235000,206372535,3369600,19000
408,SK1호스팩,207930,2015-03-31,신규상장,주권,SK증권(주),100,2000,10000000,5500000,1970
409,케이티비스팩2호,214150,2015-04-03,신규상장,주권,KTB투자증권(주),100,2000,10000000,5500000,4000
410,유지인트,195990,2015-04-13,신규상장,주권,한국투자증권(주),500,15000,30900000,10314800,2045
411,한화에이스스팩1호,214680,2015-04-20,신규상장,주권,한화투자증권(주),100,2000,8200000,4433000,3144
412,하나머스트4호스팩,215100,2015-04-22,신규상장,주권,하나금융투자(주),100,2000,5500000,2800000,4000
413,유진에이씨피씨스팩2호,215090,2015-04-28,신규상장,주권,유진투자증권(주),100,2000,10000000,5500000,2595
414,엔에이치스펙5호,215790,2015-05-08,신규상장,주권,엔에이치투자증권주식회사,100,2000,13000000,7000000,7936
415,대우SBI스팩1호,215480,2015-05-13,신규상장,주권,미래에셋대우(주),100,2000,5500000,3535000,1000
416,한화MGI스팩,215380,2015-05-18,신규상장,주권,한화투자증권(주),100,2000,10000000,5500000,5124
417,대우스팩3호,215580,2015-05-19,신규상장,주권,미래에셋대우(주),100,2000,10000000,5410000,2555
418,미래에셋제3호스팩,215750,2015-05-22,신규상장,주권,미래에셋증권(주),100,2000,11400000,6100000,1933
419,제노포커스,187420,2015-05-29,신규상장,주권,한국투자증권(주),500,11000,13200000,6754667,13525
420,한화ACPC스팩,217620,2015-06-10,신규상장,주권,한화투자증권(주),100,2000,13500000,7450000,1955
421,엔에이치스팩7호,217810,2015-06-12,신규상장,주권,엔에이치투자증권주식회사,100,2000,8400000,4830000,1960
422,픽셀플러스,087600,2015-06-12,신규상장,주권,한국투자증권(주),500,30000,24000000,8166558,16650
423,하이제3호스팩,217500,2015-06-16,신규상장,주권,하이투자증권(주),100,2000,8500000,4750000,2104
424,싸이맥스,160980,2015-06-17,신규상장,주권,대신증권(주),500,16300,25951230,5354863,6911
425,하나머스트5호스팩,218150,2015-06-18,신규상장,주권,하나금융투자(주),100,2000,7000000,3530000,3930
426,대신밸런스제1호스팩,217270,2015-06-18,신규상장,주권,대신증권(주),100,2000,10000000,5124000,10500
427,베셀,177350,2015-06-19,이전상장,주권,키움증권(주),500,9000,5400000,4119655,4598
428,에스케이디앤디,210980,2015-06-23,신규상장,주권,"신한금융투자(주),대신증권(주)",1000,26000,76700000,9870000,37754
429,세미콘라이트,214310,2015-06-25,신규상장,주권,엔에이치투자증권주식회사,500,11300,11758305,5200000,13885
430,이베스트스팩2호,217600,2015-06-26,신규상장,주권,이베스트투자증권(주),100,2000,13000000,7000000,1965
431,코아스템,166480,2015-06-26,신규상장,주권,한국투자증권(주),500,16000,40000000,15717440,16000
432,에스엔텍,160600,2015-06-26,신규상장,주권,케이비투자증권(주),500,6500,7150000,5813000,4749
433,경보제약,214390,2015-06-29,신규상장,주권,엔에이치투자증권주식회사,500,15000,143441250,23906860,20200
434,엔에이치스팩8호,218410,2015-06-30,신규상장,주권,엔에이치투자증권주식회사,100,2000,13000000,6830000,9719
435,민앤지,214180,2015-06-30,신규상장,주권,신한금융투자(주),500,28000,39530400,5682814,15325
436,유테크,178780,2015-06-30,신규상장,주권,대신증권(주),500,9000,9090000,4915300,7750
437,동운아나텍,094170,2015-06-30,신규상장,주권,키움증권(주),500,10000,5000000,5577000,4292
438,골든브릿지제3호스팩,219580,2015-06-30,신규상장,주권,(주)상상인증권,100,2000,8800000,4900000,1965
439,키움스팩3호,218710,2015-07-06,신규상장,주권,키움증권(주),100,2000,13000000,6700000,2005
440,미래에셋생명,085620,2015-07-08,신규상장,주권,"삼성증권(주),다이와증권캐피탈마켓코리아(주),씨티그룹글로벌마켓증권(주)",5000,7500,340499820,145180000,4185
441,토니모리,214420,2015-07-10,신규상장,주권,미래에셋대우(주),200,32000,94080000,11760000,32933
442,유안타제2호스팩,219960,2015-07-17,신규상장,주권,유안타증권(주),100,2000,12000000,6500000,2015
443,이노션,214320,2015-07-17,신규상장,주권,엔에이치투자증권주식회사,500,68000,340068000,20000000,75600
444,한화에이스스팩2호,219860,2015-07-20,신규상장,주권,한화투자증권(주),100,2000,13250000,7123000,2020
445,SK2호스팩,219550,2015-07-22,신규상장,주권,SK증권(주),100,2000,12500000,6350000,2612
446,펩트론,087010,2015-07-22,신규상장,주권,엔에이치투자증권주식회사,500,16000,13041952,5092001,23345
447,파마리서치프로덕트,214450,2015-07-24,신규상장,주권,"엔에이치투자증권주식회사,IBK투자증권(주),하나금융투자(주)",500,55000,123750000,8814498,53700
448,엘아이지이에스스팩,220260,2015-07-27,신규상장,주권,케이프투자증권주식회사,100,2000,5000000,3020000,2812
449,로지시스,067730,2015-07-29,신규상장,주권,삼성증권(주),500,2500,7935125,9340922,4425
450,아이쓰리시스템,214430,2015-07-30,신규상장,주권,키움증권(주),500,36000,18000000,3317400,31004
451,아시아경제,127710,2015-07-31,신규상장,주권,한국투자증권(주),500,3600,30600000,25244030,6750
452,칩스앤미디어,094360,2015-08-05,이전상장,주권,한국투자증권(주),500,10500,6825000,3397702,7927
453,케이비제8호스팩,222390,2015-08-05,신규상장,주권,케이비투자증권(주),100,2000,20000000,10310000,2070
454,미래에셋제4호스팩,222420,2015-08-06,신규상장,주권,미래에셋증권(주),100,2000,6100000,3300000,3880
455,흥국에프엔비,189980,2015-08-07,신규상장,주권,엔에이치투자증권주식회사,500,20000,36000000,6716250,3842
456,교보4호스팩,222810,2015-08-13,신규상장,주권,교보증권(주),100,2000,6000000,3100000,2200
457,파인텍,131760,2015-08-17,신규상장,주권,엔에이치투자증권주식회사,500,10500,11189336,4997621,5438
458,현대드림3호스팩,221950,2015-08-21,신규상장,주권,KB증권(주),100,2000,13000000,6815000,1995
459,AJ네트웍스,095570,2015-08-21,신규상장,주권,한국투자증권(주),5000,34300,78890000,9364459,7340
460,웹스,196700,2015-08-24,신규상장,주권,한국투자증권(주),500,7200,11520000,6254000,3035
461,교보5호스팩,223040,2015-08-27,신규상장,주권,교보증권(주),100,2000,10200000,5430000,1990
462,케이티비스팩3호,220630,2015-08-28,신규상장,주권,KTB투자증권(주),100,2000,12500000,6750000,3010
463,한국3호스팩,222080,2015-09-02,신규상장,주권,한국투자증권(주),100,2000,13000000,7000000,2290
464,유진스팩3호,221200,2015-09-09,신규상장,주권,유진투자증권(주),100,2000,11500000,6750000,2015
465,인포마크,175140,2015-09-23,신규상장,주권,삼성증권(주),500,14000,12180000,3503708,13100
466,아이콘트롤스,039570,2015-09-24,신규상장,주권,미래에셋대우(주),500,32000,83592640,8230000,15250
467,동일제강,002690,2015-09-24,신규상장,주권,엔에이치투자증권주식회사,500,3000,15000000,15000000,3310
468,엔에이치스팩9호,225570,2015-09-25,신규상장,주권,엔에이치투자증권주식회사,100,2000,15500000,9050000,10605
469,타이거일렉,219130,2015-09-25,신규상장,주권,한국투자증권(주),500,6000,9258000,5589290,5130
470,제너셈,217190,2015-09-25,신규상장,주권,하나금융투자(주),500,10500,13650000,4384587,5450
471,LIG넥스원,079550,2015-10-02,신규상장,주권,엔에이치투자증권주식회사,5000,76000,524400000,22000000,85200
472,신영스팩2호,225590,2015-10-05,신규상장,주권,신영증권(주),100,2000,10000000,5105000,2066
473,동부스팩3호,226440,2015-10-06,신규상장,주권,DB금융투자주식회사,100,2000,8300000,4450000,2208
474,IBKS제3호스팩,225430,2015-10-08,신규상장,주권,IBK투자증권(주),100,2000,8000000,4500000,2448
475,에치디프로,214870,2015-10-13,신규상장,주권,대신증권(주),500,8900,13494260,5744821,2810
476,이베스트스팩3호,225440,2015-10-19,신규상장,주권,이베스트투자증권(주),100,2000,8000000,4100000,1990
477,엑시콘,092870,2015-10-22,이전상장,주권,IBK투자증권(주),500,10000,20000000,8883500,10844
478,현대드림4호스팩,226360,2015-10-22,신규상장,주권,KB증권(주),100,2000,10000000,5315000,2607
479,에이티젠,182400,2015-10-23,신규상장,주권,엔에이치투자증권주식회사,500,17000,17123335,10072552,17825
480,키움스팩4호,226850,2015-10-29,신규상장,주권,키움증권(주),100,2000,20000000,10204000,1985
481,연우,115960,2015-11-02,신규상장,주권,"미래에셋대우(주),현대차증권주식회사",500,25200,60623136,11552600,42250
482,더블유게임즈,192080,2015-11-04,신규상장,주권,"한국투자증권(주),키움증권(주),미래에셋대우(주)",500,65000,277709250,17089768,32850
483,에이치엠씨3호스팩,226340,2015-11-05,신규상장,주권,현대차증권주식회사,100,2000,12000000,6500000,2300
484,제주항공,089590,2015-11-06,신규상장,주권,엔에이치투자증권주식회사,5000,30000,165000000,25906758,27902
485,금호에이치티,214330,2015-11-11,신규상장,주권,엔에이치투자증권주식회사,500,10000,44959500,9765000,2015
486,나무가,190510,2015-11-12,신규상장,주권,교보증권(주),500,37000,32486000,2924383,25600
487,유앤아이,056090,2015-11-12,신규상장,주권,키움증권(주),500,30000,45000000,7037087,19500
488,아이진,185490,2015-11-16,이전상장,주권,엔에이치투자증권주식회사,500,13500,20050970,10000000,10350
489,케어젠,214370,2015-11-17,신규상장,주권,KB증권(주),500,110000,178200000,10710000,76800
490,네오오토,212560,2015-11-18,신규상장,주권,신영증권(주),500,12000,18594168,5250000,6293
491,골든브릿지제4호스팩,227950,2015-11-18,신규상장,주권,(주)상상인증권,100,2000,12500000,7550000,2011
492,케이디켐,221980,2015-11-19,신규상장,주권,대신증권(주),500,16000,18560000,4034800,18000
493,매직마이크로,127160,2015-11-19,이전상장,주권,미래에셋증권(주),500,5500,8800000,6222125,932
494,리드,197210,2015-11-20,이전상장,주권,미래에셋대우(주),500,5100,3986058,4621038,8718
495,엠지메드,180400,2015-11-20,이전상장,주권,신한금융투자(주),500,40000,14000000,2074820,5876
496,하이즈항공,221840,2015-11-25,신규상장,주권,케이비투자증권(주),500,18000,78750000,17446167,7740
497,세진중공업,075580,2015-11-30,신규상장,주권,"신한금융투자(주),미래에셋대우(주)",500,3500,20054475,38292720,1971
498,미래테크놀로지,213090,2015-12-01,신규상장,주권,KB증권(주),500,16100,24150000,5500000,9380
499,엔에스,217820,2015-12-07,신규상장,주권,케이비투자증권(주),500,8000,7943880,4900000,4170
500,멕아이씨에스,058110,2015-12-14,신규상장,주권,키움증권(주),500,4500,2475000,5361500,2574
501,예스티,122640,2015-12-16,이전상장,주권,엔에이치투자증권주식회사,500,14500,15587500,4327321,11386
502,뉴트리바이오텍,222040,2015-12-16,신규상장,주권,DB금융투자주식회사,500,21000,43680000,10314000,28600
503,하나금융7호SPAC,230240,2015-12-16,신규상장,주권,하나금융투자(주),100,2000,12893860,8000000,10273
504,보광산업,225530,2015-12-17,신규상장,주권,하나금융투자(주),500,4000,12000000,11490000,9081
505,파크시스템스,140860,2015-12-17,신규상장,주권,케이비투자증권(주),500,9000,9000000,5931155,17250
506,동부제4호스팩,230490,2015-12-18,신규상장,주권,DB금융투자주식회사,100,2000,10000000,5300000,1965
507,메가엠디,133750,2015-12-18,신규상장,주권,엔에이치투자증권주식회사,500,3000,16117392,20401568,4530
508,강스템바이오텍,217730,2015-12-21,신규상장,주권,키움증권(주),500,6000,12000000,13817150,9784
509,씨트리,047920,2015-12-21,신규상장,주권,신한금융투자(주),500,6500,6240000,7023345,5270
510,덱스터,206560,2015-12-22,신규상장,주권,엔에이치투자증권주식회사,500,14000,29983296,9630524,10000
511,아진산업,013310,2015-12-22,신규상장,주권,미래에셋증권(주),500,6500,29250000,12415300,6221
512,한국맥널티,222980,2015-12-23,신규상장,주권,키움증권(주),500,8000,10000000,4975000,6856
513,육일씨엔에쓰,191410,2015-12-24,신규상장,주권,케이프투자증권주식회사,500,6000,4200000,8522980,7550
514,휴젤,145020,2015-12-24,신규상장,주권,"한국투자증권(주),미래에셋대우(주)",500,150000,54000000,3284058,98621
515,대신밸런스제2호스팩,232140,2015-12-24,신규상장,주권,대신증권(주),100,2000,20000000,10620000,2445
516,이에스브이,223310,2015-12-24,신규상장,주권,엔에이치투자증권주식회사,500,10000,15800000,5227400,20300
517,잇츠스킨,226320,2015-12-28,신규상장,주권,미래에셋대우(주),500,170000,161213890,8735650,42700
518,코리아오토글라스,152330,2015-12-29,신규상장,주권,엔에이치투자증권주식회사,5000,11000,88440000,20000000,15950
519,에스와이패널,109610,2015-12-29,신규상장,주권,미래에셋증권(주),500,5000,10679610,6200000,16810
520,코디엠,224060,2015-12-29,신규상장,주권,미래에셋증권(주),500,4700,4700000,3793630,2180
521,한솔씨앤피,221610,2016-01-27,신규상장,주권,"신한금융투자(주),케이비투자증권(주)",500,13000,11700000,3460340,441
522,크리스탈신소재,900250,2016-01-28,신규상장,외국주권,신한금융투자(주),0,3000,27900000,61622771,3325
523,유니트론텍,142210,2016-02-02,신규상장,주권,하나금융투자(주),500,14000,9170000,3310650,8950
524,아이엠텍,226350,2016-02-03,신규상장,주권,미래에셋대우(주),500,7500,32250000,16787750,7590
525,제이에스코퍼레이션,194370,2016-02-04,신규상장,주권,엔에이치투자증권주식회사,100,23000,75512036,12687732,14250
526,안트로젠,065660,2016-02-15,신규상장,주권,키움증권(주),500,24000,16800000,7463435,19650
527,케이비제9호스팩,232270,2016-02-29,신규상장,주권,케이비투자증권(주),100,2000,27000000,13815700,1940
528,큐리언트,115180,2016-02-29,신규상장,주권,한국투자증권(주),500,21000,32508000,7227262,24150
529,IBKS제4호스팩,230980,2016-03-02,신규상장,주권,IBK투자증권(주),100,2000,3500000,2000000,4006
530,하이에이아이1호스팩,235010,2016-03-04,신규상장,주권,하이투자증권(주),100,2000,9200000,4950000,1893
531,AP위성통신,211270,2016-03-04,신규상장,주권,KB증권(주),500,9700,31602600,13097740,8280
532,팬젠,222110,2016-03-11,신규상장,주권,한국투자증권(주),500,16500,27225000,7681318,14000
533,대림씨엔에스,004440,2016-03-30,신규상장,주권,미래에셋대우(주),1000,27700,123436214,12731947,17800
534,동양파일,228340,2016-04-06,신규상장,주권,대신증권(주),500,10000,80000000,20000000,8170
535,씨엠에스에듀,225330,2016-04-07,신규상장,주권,"유안타증권(주),삼성증권(주)",500,23200,28768000,4205350,6854
536,레이언스,228850,2016-04-11,신규상장,주권,대신증권(주),500,25000,100000000,16591014,18400
537,해태제과식품,101530,2016-05-11,신규상장,주권,"엔에이치투자증권주식회사,삼성증권(주)",500,15100,88033000,19209740,20050
538,용평리조트,070960,2016-05-27,신규상장,주권,미래에셋대우(주),5000,7000,93632000,48133333,11950
539,미래에셋제5호스팩,239340,2016-06-09,신규상장,주권,미래에셋증권(주),100,2000,9000000,4800000,1984
540,한국4호스팩,240540,2016-06-22,신규상장,주권,한국투자증권(주),100,2000,10000000,5500000,1919
541,알엔투테크놀로지,148250,2016-06-22,이전상장,주권,하나금융투자(주),500,5800,3886000,6328942,9230
542,에스티팜,237690,2016-06-23,신규상장,주권,"한국투자증권(주),유진투자증권(주)",500,29000,135256000,18484400,43800
543,녹십자랩셀,144510,2016-06-23,신규상장,주권,"하나금융투자(주),케이프투자증권주식회사",500,18500,37000000,10554054,26450
544,해성디에스,195870,2016-06-24,신규상장,주권,엔에이치투자증권주식회사,5000,12000,48000000,17000000,18650
545,로스웰,900260,2016-06-30,신규상장,외국주권,신한금융투자(주),0,3200,96000000,90781250,2138
546,피앤씨테크,237750,2016-07-04,신규상장,주권,케이비투자증권(주),500,10200,27030000,6496600,10250
547,바이오리더스,142760,2016-07-07,이전상장,주권,키움증권(주),500,15000,18000000,12354310,5489
548,한국자산신탁,123890,2016-07-13,신규상장,주권,"신한금융투자(주),대신증권(주)",500,10300,281162654,85000000,7067
549,대유위니아,071460,2016-07-14,신규상장,주권,신영증권(주),500,6800,51000000,24111530,3883
550,장원테크,174880,2016-07-15,신규상장,주권,신한금융투자(주),500,17500,26250000,6045000,1678
551,옵토팩,123010,2016-07-20,이전상장,주권,IBK투자증권(주),500,5900,4130000,4429352,914
552,우리손에프앤지,073560,2016-07-27,신규상장,주권,미래에셋대우(주),500,2210,40247481,61157490,2545
553,엔지스테크널러지,208860,2016-07-28,신규상장,주권,교보증권(주),500,10000,4670000,3127180,5469
554,두올　　　　　　,016740,2016-07-29,신규상장,주권,미래에셋증권(주),2500,8500,62050000,17755500,3471
555,팍스넷,038160,2016-08-01,신규상장,주권,한국투자증권(주),500,5200,14389800,11077521,5700
556,에코마케팅,230360,2016-08-08,신규상장,주권,한국투자증권(주),100,35000,38500000,8128571,4193
557,헝셩그룹,900270,2016-08-18,신규상장,외국주권,신한금융투자(주),0,3600,72000000,80000000,2595
558,자이글,234920,2016-09-06,신규상장,주권,"케이비투자증권(주),하나금융투자(주)",500,11000,49280000,13530910,7170
559,교보비엔케이스팩,242040,2016-09-07,신규상장,주권,"교보증권(주),(주)비엔케이투자증권",100,2000,12000000,7110000,2168
560,하나금융8호스팩,250060,2016-09-08,신규상장,주권,하나금융투자(주),100,2000,12000000,6402000,2155
561,유니테크노,241690,2016-09-20,신규상장,주권,한국투자증권(주),500,10300,15450000,5963760,3994
562,엘에스전선 아시아,229640,2016-09-22,신규상장,주권,"한국투자증권(주),하나금융투자(주)",500,8000,80960904,30624879,6340
563,모두투어리츠,204210,2016-09-22,신규상장,부동산투자회사,교보증권(주),5000,6000,14100000,7826815,4185
564,케이비제10호스팩,250930,2016-09-29,신규상장,주권,케이비투자증권(주),100,2000,10000000,5210000,3059
565,화승엔터프라이즈,241590,2016-10-04,신규상장,주권,한국투자증권(주),500,15000,117600000,26929479,7950
566,미투온,201490,2016-10-10,신규상장,주권,미래에셋증권(주),500,3800,27210690,29961122,7720
567,수산아이앤티,050960,2016-10-11,신규상장,주권,삼성증권(주),500,11500,19550000,6751000,8980
568,앤디포스,238090,2016-10-12,신규상장,주권,미래에셋대우(주),500,14500,60900000,15068965,3590
569,잉글우드랩,950140,2016-10-14,신규상장,주식예탁증권,하나금융투자(주),0,6000,25200000,17366154,6370
570,에이치시티,072990,2016-10-17,신규상장,주권,미래에셋대우(주),500,17000,19319820,4579934,7590
571,인텔리안테크,189300,2016-10-18,신규상장,주권,한국투자증권(주),500,19000,27550000,7165110,12050
572,골든센츄리,900280,2016-10-19,신규상장,외국주권,유안타증권(주),0,3500,27666664,29800000,1330
573,GRT,900290,2016-10-25,신규상장,외국주권,엔에이치투자증권주식회사,0,5000,86875000,67375000,3775
574,JW생명과학,234080,2016-10-27,신규상장,주권,케이비투자증권(주),5000,30000,72000000,7917277,18575
575,에이치엘사이언스,239610,2016-10-28,신규상장,주권,"미래에셋대우(주),케이비투자증권(주)",500,27000,40800375,5142148,29570
576,코스메카코리아,241710,2016-10-28,신규상장,주권,삼성증권(주),500,54000,72360000,5340000,31450
577,인크로스,216050,2016-10-31,신규상장,주권,신한금융투자(주),500,43000,20274500,2939035,20289
578,IBKS지엠비스팩,252500,2016-11-02,신규상장,주권,IBK투자증권(주),100,2000,10000000,5315000,1950
579,로고스바이오,238120,2016-11-03,신규상장,주권,신한금융투자(주),500,25500,18056448,3561724,6454
580,오가닉티코스메틱,900300,2016-11-04,신규상장,외국주권,유진투자증권(주),0,4000,57200000,56925000,3970
581,클리오,237880,2016-11-09,신규상장,주권,엔에이치투자증권주식회사,500,41000,184401600,16873215,34200
582,삼성바이오로직스,207940,2016-11-10,신규상장,주권,"한국투자증권(주),씨티그룹글로벌마켓증권(주)",2500,136000,2249617072,66165000,375500
583,SK3호스팩,232330,2016-11-16,신규상장,주권,SK증권(주),100,2000,6600000,3600000,1957
584,두산밥캣,241560,2016-11-18,신규상장,주권,"한국투자증권(주),CS증권 서울지점,홍콩상하이증권 서울지점,제이피모간증권회사 서울지점,한화투자증권(주),신영증권(주)",500,30000,900845400,100249166,33950
585,핸디소프트,220180,2016-11-24,이전상장,주권,케이비투자증권(주),500,5600,10640000,7459009,6750
586,에이치엔티,176440,2016-11-28,신규상장,주권,키움증권(주),500,10000,13500000,6701100,4150
587,뉴파워프라즈마,144960,2016-11-30,신규상장,주권,키움증권(주),500,17500,29750000,7903379,5620
588,엘앤케이바이오,156100,2016-11-30,이전상장,주권,엔에이치투자증권주식회사,500,15000,15345000,9926362,9251
589,오션브릿지,241790,2016-12-01,신규상장,주권,대신증권(주),500,6600,14949000,8622720,10300
590,퓨쳐켐,220100,2016-12-01,이전상장,주권,엔에이치투자증권주식회사,500,15000,21000000,5622139,14560
591,IBKS제5호스팩,254120,2016-12-02,신규상장,주권,IBK투자증권(주),100,2000,8000000,4500000,2375
592,핸즈코퍼레이션,143210,2016-12-02,신규상장,주권,케이비투자증권(주),500,12000,65784000,21646800,9200
593,신라젠,215600,2016-12-06,신규상장,주권,"엔에이치투자증권주식회사,하나금융투자(주),DB금융투자주식회사",500,15000,150000000,61616527,98300
594,유니온커뮤니티,203450,2016-12-07,이전상장,주권,미래에셋증권(주),500,5000,14550000,14679007,2995
595,애니젠,196300,2016-12-07,신규상장,주권,키움증권(주),500,18000,12600000,4734831,24500
596,현성바이탈,204990,2016-12-09,이전상장,주권,엔에이치투자증권주식회사,500,7000,19600000,21740000,6120
597,마이크로프랜드,147760,2016-12-12,신규상장,주권,키움증권(주),500,7300,21900000,10641366,9590
598,티에스인베스트먼트,246690,2016-12-15,신규상장,주권,한국투자증권(주),500,1300,7410000,22421004,3215
599,DSC인베스트먼트,241520,2016-12-19,신규상장,주권,키움증권(주),500,1700,7427184,17500000,3451
600,퓨전데이타,195440,2016-12-21,신규상장,주권,한국투자증권(주),500,11500,11500000,3030000,66391
601,엔에이치스팩11호,256840,2016-12-28,신규상장,주권,엔에이치투자증권주식회사,100,2000,13000000,6830000,2155
602,유바이오로직스,206650,2017-01-24,신규상장,주권,한국투자증권(주),500,6000,19200000,24231986,7130
603,서플러스글로벌,140070,2017-01-25,신규상장,주권,한국투자증권(주),100,8000,35200000,18494000,4535
604,호전실업,111110,2017-02-02,신규상장,주권,엔에이치투자증권주식회사,500,25000,41616750,8000000,15500
605,신한제3호스팩,257730,2017-02-23,신규상장,주권,신한금융투자(주),100,2000,6000000,3505000,2140
606,피씨엘,241820,2017-02-23,신규상장,주권,한국투자증권(주),500,8000,12000000,8921164,19000
607,모바일어플라이언스,087260,2017-02-24,신규상장,주권,엔에이치투자증권주식회사,500,3500,13181998,15000000,4405
608,에프엔에스테크,083500,2017-02-27,신규상장,주권,한국투자증권(주),500,14000,14000000,5851101,6680
609,신신제약,002800,2017-02-28,신규상장,주권,케이비투자증권(주),500,4500,14625000,15170500,11400
610,에스디생명공학,217480,2017-03-02,신규상장,주권,"신한금융투자(주),한국투자증권(주)",500,12000,57600000,22064400,17550
611,대신밸런스제4호스팩,262830,2017-03-03,신규상장,주권,대신증권(주),100,2000,9000000,5010000,2039
612,덴티움,145720,2017-03-15,신규상장,주권,엔에이치투자증권주식회사,500,32000,81466592,11068830,82600
613,아스타,246720,2017-03-20,신규상장,주권,키움증권(주),500,8000,14000000,9402523,15187
614,코미코,183300,2017-03-23,신규상장,주권,엔에이치투자증권주식회사,500,13000,32500000,8075000,30400
615,서진시스템,178320,2017-03-27,신규상장,주권,엔에이치투자증권주식회사,500,25000,35750000,5642185,16946
616,이엘피,063760,2017-04-06,이전상장,주권,엔에이치투자증권주식회사,500,20000,16000000,4839500,12039
617,신영스팩3호,263770,2017-04-06,신규상장,주권,신영증권(주),100,2000,5000000,2605000,5970
618,와이엠티,251370,2017-04-27,신규상장,주권,하나금융투자(주),500,21000,11815167,3602600,18325
619,케이비제11호스팩,258790,2017-04-27,신규상장,주권,KB증권(주),100,2000,6000000,3210000,2075
620,하나머티리얼즈,166090,2017-04-28,신규상장,주권,"대신증권(주),엔에이치투자증권주식회사",500,12000,23280000,9459737,19375
621,한화에이스스팩3호,264290,2017-05-02,신규상장,주권,한화투자증권(주),100,2000,5500000,3080000,2100
622,엔에이치스팩10호,256630,2017-05-02,신규상장,주권,엔에이치투자증권주식회사,100,2000,13000000,7000000,2222
623,아이엔지생명,079440,2017-05-11,신규상장,주권,"삼성증권(주),모건스탠리 인터내셔날증권회사 서울지점",1000,33000,1105500000,82000000,42600
624,넷마블게임즈,251270,2017-05-12,신규상장,주권,"엔에이치투자증권주식회사,제이피모간증권회사 서울지점",100,157000,2661717084,84730000,143000
625,미래에셋대우스팩1호,265480,2017-05-26,신규상장,주권,미래에셋대우(주),100,2000,8000000,4840000,2050
626,IBKS제6호스팩,264850,2017-06-01,신규상장,주권,IBK투자증권(주),100,2000,8000000,4315000,2312
627,필옵틱스,161580,2017-06-01,신규상장,주권,신한금융투자(주),500,48000,55680000,5775200,9850
628,삼양옵틱스,225190,2017-06-02,신규상장,주권,미래에셋대우(주),500,16700,66800000,10000000,17650
629,한화수성스팩,265920,2017-06-08,신규상장,주권,한화투자증권(주),100,2000,8000000,4440000,1982
630,보라티알,250000,2017-06-08,신규상장,주권,대신증권(주),500,14300,24134110,6750733,12050
631,교보7호스팩,267320,2017-06-22,신규상장,주권,교보증권(주),100,2000,7580000,4020000,1843
632,하나금융9호스팩,261200,2017-06-26,신규상장,주권,하나금융투자(주),100,2000,8000000,4260000,2050
633,제일홀딩스,003380,2017-06-30,신규상장,주권,"신한금융투자(주),KB증권(주)",100,20700,421886700,70718000,13800
634,아우딘퓨쳐스,227610,2017-07-12,신규상장,주권,하나금융투자(주),500,26000,26000000,5925190,12725
635,브이원텍,251630,2017-07-13,신규상장,주권,미래에셋대우(주),500,17700,32373300,7366090,20225
636,힘스,238490,2017-07-20,신규상장,주권,"KB증권(주),SK증권(주)",500,20000,16000000,4968000,9467
637,한국제5호스팩,271740,2017-07-24,신규상장,주권,한국투자증권(주),100,2000,7000000,4000000,2055
638,이즈미디어,181340,2017-07-26,신규상장,주권,한국투자증권(주),500,7500,11400000,7045100,5360
639,셀트리온헬스케어,091990,2017-07-28,신규상장,주권,미래에셋대우(주),1000,41000,1008764000,136688120,77846
640,디앤씨미디어,263720,2017-08-01,신규상장,주권,키움증권(주),500,20000,20140000,4034223,12800
641,지니언스,263860,2017-08-02,신규상장,주권,하나금융투자(주),500,13500,11205000,4854900,6050
642,데이타솔루션,263800,2017-08-03,신규상장,주권,미래에셋대우(주),500,3300,15180000,15358580,3475
643,모트렉스,118990,2017-08-04,신규상장,주권,미래에셋대우(주),500,38300,68940000,5336109,5364
644,엔에이치스팩12호,273060,2017-08-07,신규상장,주권,엔에이치투자증권주식회사,100,2000,13000000,7510000,2045
645,컬러레이,900310,2017-08-10,신규상장,외국주권,신한금융투자(주),0,3800,53200000,54000000,2460
646,알에스오토메이션,140670,2017-08-11,신규상장,주권,미래에셋대우(주),500,6000,14628000,9103140,15500
647,하나금융10호스팩,270520,2017-08-22,신규상장,주권,하나금융투자(주),100,2000,8000000,4602000,1949
648,이더블유케이,258610,2017-08-22,신규상장,주권,신영증권(주),500,5000,11100000,6586600,5010
649,덕우전자,263600,2017-08-28,신규상장,주권,한국투자증권(주),500,15500,38750000,8110066,5575
650,케이피에스,256940,2017-09-06,이전상장,주권,키움증권(주),500,14000,15109752,4270000,3190
651,펄어비스,263750,2017-09-14,신규상장,주권,한국투자증권(주),500,103000,185400000,12066300,220500
652,샘코,263540,2017-09-15,신규상장,주권,"한국투자증권(주),대신증권(주)",500,11000,16500000,7756131,5580
653,앱클론,174900,2017-09-18,신규상장,주권,엔에이치투자증권주식회사,500,10000,6807410,6800000,28500
654,엠플러스,259630,2017-09-20,신규상장,주권,키움증권(주),500,18000,22500000,5111890,11494
655,선익시스템,171090,2017-09-20,신규상장,주권,대신증권(주),500,37000,55500000,6000000,8190
656,유티아이,179900,2017-09-27,신규상장,주권,한국투자증권(주),500,25000,22400000,5332145,5612
657,신흥에스이씨,243840,2017-09-27,신규상장,주권,삼성증권(주),2500,16000,33600000,6551683,52400
658,에스엔피월드,263920,2017-09-28,신규상장,주권,대신증권(주),500,5100,10200000,7876580,6380
659,IBKS제8호스팩,277410,2017-09-29,신규상장,주권,IBK투자증권(주),100,2000,4000000,2210000,2335
660,야스,255440,2017-09-29,신규상장,주권,한국투자증권(주),500,23500,54050000,12930000,22300
661,상신전자,263810,2017-10-16,신규상장,주권,미래에셋대우(주),500,13300,9310000,3921000,3722
662,신한제4호스팩,277480,2017-10-20,신규상장,주권,신한금융투자(주),100,2000,10000000,6010000,2035
663,세원,234100,2017-10-20,이전상장,주권,현대차증권주식회사,500,5700,6270000,3633000,2355
664,영화테크,265560,2017-10-26,신규상장,주권,신한금융투자(주),500,12500,8800000,5345090,8230
665,테이팩스,055490,2017-10-31,신규상장,주권,"신한금융투자(주),KB증권(주)",500,23000,38180000,4717650,20750
666,티슈진,950160,2017-11-06,신규상장,주식예탁증권,엔에이치투자증권주식회사,0,27000,202500000,60379425,40750
667,비디아이,148140,2017-11-09,이전상장,주권,신영증권(주),500,10000,13500000,5280500,6052
668,IBKS제7호스팩,276920,2017-11-10,신규상장,주권,IBK투자증권(주),100,2000,7000000,3650000,1993
669,스튜디오드래곤,253450,2017-11-24,신규상장,주권,미래에셋대우(주),500,35000,210000000,28037240,109600
670,한화에이스스팩4호,279410,2017-11-27,신규상장,주권,한화투자증권(주),100,2000,6300000,3495000,2085
671,삼양패키징,272550,2017-11-29,신규상장,주권,한국투자증권(주),5000,26000,119481700,14209804,16850
672,비즈니스온,138580,2017-11-30,신규상장,주권,KB증권(주),500,9000,17082000,9544940,15850
673,대원　　　　　　　,007680,2017-12-01,신규상장,주권,신한금융투자(주),500,15000,30000000,11050000,12350
674,체리부로,066360,2017-12-04,신규상장,주권,미래에셋대우(주),500,4700,28913916,27872369,2600
675,에스트래픽,234300,2017-12-05,신규상장,주권,미래에셋대우(주),500,10000,21300000,11450592,9770
676,메카로,241770,2017-12-06,신규상장,주권,한국투자증권(주),500,33000,66000000,9834640,14800
677,씨티케이코스메틱스,260930,2017-12-07,신규상장,주권,미래에셋대우(주),500,55000,110000000,10122151,10927
678,진에어,272450,2017-12-08,신규상장,주권,미래에셋대우(주),1000,31800,381600000,30000000,16866
679,동양피스톤,092780,2017-12-08,신규상장,주권,"대신증권(주),IBK투자증권(주)",500,5700,18810000,13168460,4025
680,동부스팩5호,281740,2017-12-12,신규상장,주권,DB금융투자주식회사,100,2000,8000000,4840000,1881
681,디바이스이엔지,187870,2017-12-20,신규상장,주권,한국투자증권(주),500,12000,16800000,6782000,7400
682,한국제6호스팩,281410,2017-12-21,신규상장,주권,한국투자증권(주),100,2000,8000000,4510000,2060
683,시스웍,269620,2017-12-26,신규상장,주권,하나금융투자(주),100,2800,12511920,18000000,774
684,씨앤지하이테크,264660,2018-01-25,신규상장,주권,신한금융투자(주),500,16000,20608000,4202740,6140
685,SG,255220,2018-01-26,신규상장,주권,대신증권(주),100,6000,18795180,12506024,4254
686,배럴,267790,2018-02-01,신규상장,주권,하나금융투자(주),500,9500,16245000,7215846,12000
687,링크제니시스,219420,2018-02-05,이전상장,주권,하나금융투자(주),100,30000,9000000,2136300,7250
688,카페24,042000,2018-02-08,신규상장,주권,"미래에셋대우(주),유안타증권(주),한화투자증권(주)",500,57000,51300000,8858157,59105
689,아시아종묘,154030,2018-02-12,이전상장,주권,대신증권(주),500,4500,4500000,9215539,10650
690,알리코제약,260660,2018-02-12,신규상장,주권,IBK투자증권(주),500,12000,28200000,8843825,12310
691,동구바이오제약,006620,2018-02-13,신규상장,주권,엔에이치투자증권주식회사,500,16000,33105920,9604000,7191
692,엔지켐생명과학,183490,2018-02-21,이전상장,주권,한국투자증권(주),500,56000,43120000,7623232,94600
693,오스테오닉,226400,2018-02-22,이전상장,주권,키움증권(주),500,7700,9240000,6454995,3137
694,린드먼아시아,277070,2018-03-14,신규상장,주권,키움증권(주),500,6500,22087377,13500000,5820
695,에코마이스터,064510,2018-03-15,신규상장,주권,"대신증권(주),한화투자증권(주)",500,5200,6968000,10788540,5926
696,애경산업,018250,2018-03-22,신규상장,주권,대신증권(주),1000,29100,197880000,26122335,46500
697,케어랩스,263700,2018-03-28,신규상장,주권,한국투자증권(주),500,20000,26000000,5977430,11037
698,대신밸런스제3호스팩,253590,2018-04-04,신규상장,주권,대신증권(주),100,2000,10000000,5510000,1720
699,JTC,950170,2018-04-06,신규상장,주식예탁증권,삼성증권(주),0,8500,89542400,35005517,9920
700,유안타제3호스팩,287410,2018-05-08,신규상장,주권,유안타증권(주),100,2000,7000000,4235000,3072
701,한국제7호스팩,291210,2018-05-11,신규상장,주권,한국투자증권(주),100,2000,8500000,5060000,2120
702,제노레이,122310,2018-05-28,신규상장,주권,한국투자증권(주),500,23000,13844666,4028700,7102
703,세종메디칼,258830,2018-05-29,신규상장,주권,한국투자증권(주),500,15000,30450000,6777741,10750
704,현대사료,016790,2018-06-01,신규상장,주권,신한금융투자(주),500,6600,10072788,6150486,19150
705,파워넷,037030,2018-06-07,신규상장,주권,DB금융투자주식회사,1000,6500,23209862,12009614,5130
706,하나금융11호스팩,284620,2018-06-08,신규상장,주권,하나금융투자(주),100,2000,9000000,5401000,2497
707,EDGC,245620,2018-06-26,신규상장,주권,SK증권(주),100,6500,46800000,35898940,3085
708,이리츠코크렙,088260,2018-06-27,신규상장,부동산투자회사,엔에이치투자증권주식회사,5000,5000,79107350,63341590,6110
709,SV인베스트먼트,289080,2018-07-06,신규상장,주권,미래에셋대우(주),500,7000,27300000,26617000,2285
710,아이큐어,175250,2018-07-12,신규상장,주권,키움증권(주),500,65000,78000000,6123518,24388
711,올릭스,226950,2018-07-18,신규상장,주권,엔에이치투자증권주식회사,500,36000,43200000,6433321,20519
712,IBKS제9호스팩,297570,2018-07-20,신규상장,주권,IBK투자증권(주),100,2000,5000000,2760000,3845
713,엠코르셋,204020,2018-07-23,신규상장,주권,대신증권(주),500,11500,28962750,10073715,3420
714,한국유니온제약,080720,2018-07-26,신규상장,주권,DB금융투자주식회사,500,18000,27000000,5745000,12565
715,롯데정보통신,286940,2018-07-27,신규상장,주권,미래에셋대우(주),5000,29800,127722800,14286000,40750
716,티웨이항공,091810,2018-08-01,신규상장,주권,"신한금융투자(주),대신증권(주)",500,12000,192000000,46974812,3094
717,휴네시온,290270,2018-08-02,신규상장,주권,엔에이치투자증권주식회사,500,10000,13905300,4803836,6330
718,에스에스알,275630,2018-08-06,신규상장,주권,하나금융투자(주),500,9000,12780000,5662567,5460
719,디아이티,110990,2018-08-07,신규상장,주권,삼성증권(주),100,10000,37575000,18900000,8190
720,신한알파리츠,293940,2018-08-08,신규상장,부동산투자회사,신한금융투자(주),1000,5000,114000000,38106123,6919
721,대유,290380,2018-08-10,신규상장,주권,KB증권(주),500,9000,27720000,9052400,10800
722,바이오솔루션,086820,2018-08-20,신규상장,주권,한국투자증권(주),500,29000,43500000,7659926,24350
723,에이피티씨,089970,2018-08-23,신규상장,주권,대신증권(주),100,9000,16560000,23234595,6560
724,오파스넷,173130,2018-08-24,이전상장,주권,교보증권(주),500,11000,11088000,4025902,2297
725,액트로,290740,2018-08-28,신규상장,주권,키움증권(주),500,20000,24000000,5000054,10200
726,대신밸런스제5호스팩,303030,2018-08-30,신규상장,주권,대신증권(주),100,2000,7000000,4110000,2320
727,디지캡,197140,2018-09-07,이전상장,주권,KB증권(주),500,12000,7013352,3531115,3830
728,명성티엔에스,257370,2018-09-13,신규상장,주권,KB증권(주),500,20000,38400000,6370000,15350
729,삼성스팩2호,291230,2018-09-13,신규상장,주권,삼성증권(주),100,2000,13000000,7550000,2115
730,우진아이엔에스,010400,2018-09-14,신규상장,주권,신영증권(주),500,15000,31500000,7622000,8450
731,IBKS제10호스팩,299170,2018-09-21,신규상장,주권,IBK투자증권(주),100,2000,8000000,4330000,2422
732,지티지웰니스,219750,2018-09-21,이전상장,주권,대신증권(주),500,11000,8800000,5652665,3820
733,크리스에프앤씨,110790,2018-10-01,신규상장,주권,KB증권(주),1000,30000,105480000,11715480,20800
734,하나제약,293480,2018-10-02,신규상장,주권,미래에셋대우(주),500,26000,106117960,16200000,23700
735,나우아이비캐피탈,293580,2018-10-04,신규상장,주권,신영증권(주),5000,8500,21250000,9480000,4270
736,푸드나무,290720,2018-10-04,신규상장,주권,미래에셋대우(주),500,24000,37339440,6806034,18400
737,에스퓨얼셀,288620,2018-10-15,신규상장,주권,한국투자증권(주),500,16500,31185000,5744316,19534
738,옵티팜,153710,2018-10-26,신규상장,주권,엔에이치투자증권주식회사,500,10000,29458900,14217258,9050
739,로보티즈,108490,2018-10-26,신규상장,주권,미래에셋대우(주),500,14000,23800000,11251000,12350
740,DB금융스팩6호,306620,2018-10-31,신규상장,주권,DB금융투자주식회사,100,2000,8000000,4840000,2095
741,엘앤씨바이오,290650,2018-11-01,신규상장,주권,한국투자증권(주),500,24000,24000000,7234332,8083
742,노바텍,285490,2018-11-02,신규상장,주권,하나금융투자(주),500,10000,11600000,4626800,7800
743,대보마그네틱,290670,2018-11-06,신규상장,주권,한국투자증권(주),500,31000,25420000,3232600,24950
744,셀리버리,268600,2018-11-09,신규상장,주권,DB금융투자주식회사,500,25000,28500000,7148321,32861
745,노바렉스,194700,2018-11-14,신규상장,주권,엔에이치투자증권주식회사,500,19000,18240000,9003740,21550
746,디자인,227100,2018-11-15,신규상장,주권,대신증권(주),500,10100,4009700,2660910,9900
747,디케이앤디,263020,2018-11-20,신규상장,주권,키움증권(주),500,6000,10800000,7601025,5670
748,파멥신,208340,2018-11-21,신규상장,주권,"KB증권(주),삼성증권(주)",500,60000,48000000,6805637,17900
749,아주IB투자,027360,2018-11-21,신규상장,주권,미래에셋대우(주),500,1500,29280000,118714050,1175
750,디알젬,263690,2018-11-22,신규상장,주권,한국투자증권(주),500,6500,9750000,11325610,7890
751,싸이토젠,217330,2018-11-22,신규상장,주권,키움증권(주),500,17000,20400000,5633864,11050
752,아시아나IDT,267850,2018-11-23,신규상장,주권,KB증권(주),500,15000,39600000,11100000,24000
753,네오펙트,290660,2018-11-28,신규상장,주권,한국투자증권(주),500,11000,19800000,11718545,4065
754,티앤알바이오팹,246710,2018-11-28,신규상장,주권,키움증권(주),500,18000,21600000,8118084,10150
755,남화산업,111710,2018-11-29,신규상장,주권,대신증권(주),200,3700,11425600,20588000,13500
756,티로보틱스,117730,2018-11-29,신규상장,주권,키움증권(주),500,16000,12800000,5399459,6030
757,엠아이텍,179290,2018-11-29,신규상장,주권,하나금융투자(주),500,4500,31500000,27456200,3935
758,윙입푸드,900340,2018-11-30,신규상장,외국주권,유진투자증권(주),0,2000,20400000,40409095,2200
759,하나머스트제6호스팩,307160,2018-11-30,신규상장,주권,하나금융투자(주),100,2000,7500000,4590000,2080
760,베스파,299910,2018-12-03,신규상장,주권,미래에셋대우(주),500,35000,56000000,7986521,14400
761,교보8호스팩,307280,2018-12-05,신규상장,주권,교보증권(주),100,2000,6200000,3720000,2266
762,에코캡,128540,2018-12-05,신규상장,주권,IBK투자증권(주),100,4200,16800000,14558800,2685
763,SK4호스팩,307070,2018-12-07,신규상장,주권,SK증권(주),100,2000,8000000,5160000,2096
764,대유에이피,290120,2018-12-07,신규상장,주권,신영증권(주),500,3000,8400000,10884000,7850
765,골든브릿지이안5호,307870,2018-12-12,신규상장,주권,(주)상상인증권,100,2000,8500000,4750000,2035
766,이노메트리,302430,2018-12-12,신규상장,주권,유진투자증권(주),500,26000,30422314,4825108,14649
767,뉴트리,270870,2018-12-13,신규상장,주권,미래에셋대우(주),500,14500,32799000,9032224,12650
768,전진바이오팜,110020,2018-12-14,신규상장,주권,미래에셋대우(주),500,10000,5000000,4733428,6481
769,머큐리,100590,2018-12-14,신규상장,주권,미래에셋대우(주),500,6100,31232000,14763600,8540
770,에이비엘바이오,298380,2018-12-19,신규상장,주권,한국투자증권(주),500,15000,90000000,44587000,19850
771,대신밸런스제6호스팩,307750,2018-12-19,신규상장,주권,대신증권(주),100,2000,9000000,5010000,2299
772,한국제8호스팩,310870,2018-12-20,신규상장,주권,한국투자증권(주),100,2000,6000000,3420000,2035
773,삼성머스트스팩3호,309930,2018-12-20,신규상장,주권,삼성증권(주),100,2000,7500000,4590000,2113
774,위지윅스튜디오,299900,2018-12-20,신규상장,주권,"엔에이치투자증권주식회사,삼성증권(주)",500,11000,24194665,8798060,5323
775,미래에셋대우스팩2호,310200,2018-12-21,신규상장,주권,미래에셋대우(주),100,2000,5500000,3050000,2040
776,신영스팩4호,307180,2018-12-21,신규상장,주권,신영증권(주),100,2000,8500000,4355000,2095
777,디케이티,290550,2018-12-21,신규상장,주권,엔에이치투자증권주식회사,500,7400,14943560,6879982,11950
778,엔에이치스팩13호,310840,2018-12-24,신규상장,주권,엔에이치투자증권주식회사,100,2000,6000000,3420000,2000
779,유틸렉스,263050,2018-12-24,신규상장,주권,엔에이치투자증권주식회사,500,50000,36350000,7263578,29800
780,키움제5호스팩,311270,2018-12-26,신규상장,주권,키움증권(주),100,2000,7000000,3600000,2040
781,비피도,238200,2018-12-26,신규상장,주권,한국투자증권(주),500,18000,7380018,4090000,22400
782,에어부산,298690,2018-12-27,신규상장,주권,"미래에셋대우(주),엔에이치투자증권주식회사",5000,3600,18745200,52070000,5418
783,웹케시,053580,2019-01-25,신규상장,주권,하나금융투자(주),500,26000,25220000,6630322,43600
784,노랑풍선,104620,2019-01-30,신규상장,주권,"한국투자증권(주),KB증권(주)",500,20000,20000000,4765650,13650
785,이노테라피,246960,2019-02-01,신규상장,주권,대신증권(주),500,18000,9000000,4969184,11100
786,천보,278280,2019-02-11,신규상장,주권,하나금융투자(주),500,40000,100000000,9856294,79200
787,셀리드,299660,2019-02-20,신규상장,주권,삼성증권(주),500,33000,39600000,9441192,21850
788,에코프로비엠,247540,2019-03-05,신규상장,주권,대신증권(주),500,48000,172800000,19850000,86900
789,드림텍,192650,2019-03-14,신규상장,주권,엔에이치투자증권주식회사,100,13000,59092098,27585500,4300
790,미래에셋벤처투자,100790,2019-03-15,신규상장,주권,KB증권(주),1000,4500,20250000,30667215,1970
791,유안타제4호스팩,313750,2019-03-21,신규상장,주권,유안타증권(주),100,2000,8200000,4650000,2005
792,이지케어텍,099750,2019-03-22,신규상장,주권,미래에셋대우(주),500,12300,15990000,6386000,9960
793,케이비17호스팩,317030,2019-03-27,신규상장,주권,KB증권(주),100,2000,10000000,5461000,2000
794,지노믹트리,228760,2019-03-27,이전상장,주권,키움증권(주),500,27000,108000000,19986215,16800
795,현대오토에버,307950,2019-03-28,신규상장,주권,엔에이치투자증권주식회사,5000,48000,168480000,21000000,30950
796,아모그린텍,125210,2019-03-29,신규상장,주권,삼성증권(주),500,9900,40867200,16496790,9010
797,하이제4호스팩,317240,2019-04-29,신규상장,주권,하이투자증권(주),100,2000,8000000,4400000,1310
798,한화에스비아이스팩,317320,2019-05-03,신규상장,주권,한화투자증권(주),100,2000,7500000,4360000,2645
799,SNK,950180,2019-05-07,신규상장,주식예탁증권,엔에이치투자증권주식회사,0,40400,169680000,21061800,15600
800,엔에이치스팩14호,319400,2019-05-08,신규상장,주권,엔에이치투자증권주식회사,100,2000,16000000,8620000,2570
801,컴퍼니케이,307930,2019-05-23,신규상장,주권,엔에이치투자증권주식회사,500,4500,18000000,15610000,8150
802,수젠텍,253840,2019-05-28,이전상장,주권,한국투자증권(주),500,12000,18000000,12926006,32150
803,DB금융스팩7호,322780,2019-05-31,신규상장,주권,DB금융투자주식회사,100,2000,8000000,4550000,2035
804,유진스팩4호,321260,2019-05-31,신규상장,주권,유진투자증권(주),100,2000,6500000,3490000,2010
805,마이크로디지탈,305090,2019-06-05,신규상장,주권,하나금융투자(주),500,23000,16100000,3630800,11500
806,까스텔바쟉,308100,2019-06-10,신규상장,주권,엔에이치투자증권주식회사,500,12000,22680000,6596700,12450
807,압타바이오,293780,2019-06-12,신규상장,주권,"미래에셋대우(주),삼성증권(주)",500,30000,65400000,10881733,33950
808,신한제5호스팩,323230,2019-06-19,신규상장,주권,신한금융투자(주),100,2000,8000000,4310000,2050
809,케이비제18호스팩,323940,2019-06-24,신규상장,주권,KB증권(주),100,2000,15000000,7822000,2010
810,신영스팩5호,323280,2019-06-24,신규상장,주권,신영증권(주),100,2000,6800000,3505000,2015
811,에이에프더블류,312610,2019-07-01,신규상장,주권,엔에이치투자증권주식회사,500,22500,88236000,10128444,5825
812,펌텍코리아,251970,2019-07-04,신규상장,주권,한국투자증권(주),500,190000,97280000,1882710,16350
813,아이스크림에듀,289010,2019-07-11,신규상장,주권,대신증권(주),500,15900,23055000,12637371,8350
814,세틀뱅크,234340,2019-07-12,신규상장,주권,"신한금융투자(주),한국투자증권(주)",500,55000,79585000,9267000,29400
815,이베스트이안스팩1호,323210,2019-07-15,신규상장,주권,이베스트투자증권(주),100,2000,6000000,3200000,2015
816,플리토,300080,2019-07-17,신규상장,주권,한국투자증권(주),500,26000,38310636,5169811,13300
817,에이스토리,241840,2019-07-19,신규상장,주권,엔에이치투자증권주식회사,500,14300,26741000,9318240,7700
818,대모,317850,2019-07-24,신규상장,주권,신한금융투자(주),500,5200,11180000,8324420,5380
819,윌링스,313760,2019-07-25,신규상장,주권,신영증권(주),500,12500,17275000,4862000,13500
820,세경하이테크,148150,2019-07-30,신규상장,주권,키움증권(주),500,35000,28000000,5624000,29500
821,한국바이오젠,318000,2019-08-01,신규상장,주권,미래에셋대우(주),200,6000,10707000,7288035,7060
822,슈프리마아이디,317770,2019-08-01,신규상장,주권,한국투자증권(주),500,27000,23328000,2992520,15600
823,덕산테코피아,317330,2019-08-02,신규상장,주권,엔에이치투자증권주식회사,500,19000,76863873,18377428,14250
824,코윈테크,282880,2019-08-05,신규상장,주권,미래에셋대우(주),500,34500,69000000,9000000,23443
825,그린플러스,186230,2019-08-07,이전상장,주권,한국투자증권(주),500,10000,7000000,3923873,7278
826,레이,228670,2019-08-08,신규상장,주권,한국투자증권(주),500,20000,20000000,6653267,46850
827,에스피시스템스,317830,2019-08-14,신규상장,주권,한국투자증권(주),100,4900,9800000,8145700,6730
828,나노브릭,286750,2019-08-19,신규상장,주권,KB증권(주),1000,16000,7296000,4560103,16950
829,미래에셋대우스팩3호,328380,2019-08-20,신규상장,주권,미래에셋대우(주),100,2000,12300000,6482000,2010
830,마니커에프앤지,195500,2019-08-20,신규상장,주권,유진투자증권(주),500,4000,10400000,10378000,8740
831,네오크레마,311390,2019-08-22,신규상장,주권,키움증권(주),500,8000,12400000,7256000,6840
832,상상인이안제2호스팩,329560,2019-08-30,신규상장,주권,(주)상상인증권,100,2000,6500000,3850000,1990
833,한독크린텍,256150,2019-09-05,신규상장,주권,한국투자증권(주),500,15100,10570000,4021000,22300
834,하나금융13호스팩,320000,2019-09-18,신규상장,주권,하나금융투자(주),100,2000,6000000,3401000,2765
835,라닉스,317120,2019-09-18,신규상장,주권,한국투자증권(주),500,6000,9600000,9435500,8110
836,올리패스,244460,2019-09-20,신규상장,주권,"미래에셋대우(주),키움증권(주)",500,20000,14000000,13875738,18800
837,케이비제19호스팩,330990,2019-09-30,신규상장,주권,KB증권(주),100,2000,8000000,4301000,2010
838,유진스팩5호,331380,2019-10-02,신규상장,주권,유진투자증권(주),100,2000,7000000,4010000,2005
839,대신밸런스제7호스팩,332290,2019-10-11,신규상장,주권,대신증권(주),100,2000,10000000,5205000,2010
840,녹십자웰빙,234690,2019-10-14,신규상장,주권,하나금융투자(주),500,11300,50850000,17752276,15150
841,아톤,158430,2019-10-17,신규상장,주권,"엔에이치투자증권주식회사,KB증권(주)",500,43000,38579084,3612006,26300
842,라온피플,300120,2019-10-18,신규상장,주권,미래에셋대우(주),500,14000,28329700,10178456,19100
843,팜스빌,318010,2019-10-22,신규상장,주권,대신증권(주),500,14000,25357500,7929338,11150
844,엔바이오니아,317870,2019-10-24,신규상장,주권,미래에셋대우(주),500,8200,9102000,7425555,7400
845,케이엔제이,272110,2019-10-25,신규상장,주권,미래에셋대우(주),500,11000,9630192,5386153,10700
846,교보9호스팩,331520,2019-10-29,신규상장,주권,교보증권(주),100,2000,6900000,3880000,2010
847,캐리소프트,317530,2019-10-29,신규상장,주권,미래에셋대우(주),500,9000,8190000,5761200,4200
848,롯데리츠,330590,2019-10-30,신규상장,부동산투자회사,"한국투자증권(주),노무라금융투자(주),홍콩상하이증권 서울지점",500,5000,429922210,171968884,5240
849,지누스,013890,2019-10-30,신규상장,주권,엔에이치투자증권주식회사,500,70000,169169000,14206749,82931
850,신한제6호스팩,333050,2019-10-31,신규상장,주권,신한금융투자(주),100,2000,8000000,5010000,2005
851,티라유텍,322180,2019-10-31,신규상장,주권,미래에셋대우(주),100,12050,13556250,5433750,12350
852,하나금융14호스팩,332710,2019-11-01,신규상장,주권,하나금융투자(주),100,2000,8000000,4410000,2060
853,미디어젠,279600,2019-11-05,이전상장,주권,교보증권(주),500,10600,9858000,4638281,9050
854,자이에스앤디,317400,2019-11-06,신규상장,주권,한국투자증권(주),1000,5200,45760000,26782520,8215
855,미래에셋대우스팩4호,333430,2019-11-06,신규상장,주권,미래에셋대우(주),100,2000,8150000,4390000,2420
856,아이티엠반도체,084850,2019-11-07,신규상장,주권,KB증권(주),500,26000,131300000,22823026,54700
857,라파스,214260,2019-11-11,신규상장,주권,DB금융투자주식회사,500,20000,25600000,8191416,25450
858,한화시스템,272210,2019-11-13,신규상장,주권,"한국투자증권(주),씨티그룹글로벌마켓증권(주),엔에이치투자증권주식회사",5000,12250,402552444,110230389,11750
859,제테마,216080,2019-11-14,신규상장,주권,한국투자증권(주),500,21000,20160000,7462879,25200
860,에스제이그룹,306040,2019-11-18,신규상장,주권,"엔에이치투자증권주식회사,IBK투자증권(주)",500,38600,31652000,3294600,15200
861,현대에너지솔루션,322000,2019-11-19,신규상장,주권,한국투자증권(주),5000,18000,57600000,11200000,40400
862,코리아에셋투자증권,190650,2019-11-20,신규상장,주권,신영증권(주),5000,10000,16000000,6388000,7040
863,우양,103840,2019-11-20,신규상장,주권,미래에셋대우(주),100,4200,15120000,12858000,5200
864,씨에스베어링,297090,2019-11-21,신규상장,주권,한국투자증권(주),500,8400,19992000,9461400,30850
865,티움바이오,321550,2019-11-22,신규상장,주권,키움증권(주),500,12000,30000000,23189926,16000
866,센트랄모텍,308170,2019-11-25,신규상장,주권,한국투자증권(주),500,6000,12600000,8400000,23950
867,노터스,278650,2019-11-27,신규상장,주권,대신증권(주),100,20000,10000000,6971092,21550
868,유안타제5호스팩,336060,2019-11-28,신규상장,주권,유안타증권(주),100,2000,11200000,5930000,2005
869,코리아센터,290510,2019-11-29,신규상장,주권,엔에이치투자증권주식회사,100,18000,45818820,24031048,8730
870,IBKS제11호스팩,335890,2019-12-03,신규상장,주권,IBK투자증권(주),100,2000,9000000,4790000,2715
871,SK5호스팩,337450,2019-12-04,신규상장,주권,SK증권(주),100,2000,8000000,4310000,2020
872,NH프라임리츠,338100,2019-12-05,신규상장,부동산투자회사,엔에이치투자증권주식회사,500,5000,68800000,18660000,4310
873,리메드,302550,2019-12-06,이전상장,주권,한국투자증권(주),500,13000,7800000,5822956,29300
874,IBKS제12호스팩,335870,2019-12-09,신규상장,주권,IBK투자증권(주),100,2000,5800000,3120000,2090
875,태웅로직스,124560,2019-12-10,신규상장,주권,"IBK투자증권(주),(주)비엔케이투자증권",100,4500,22500000,17650000,5390
876,제이엘케이인스펙션,322510,2019-12-11,신규상장,주권,한국투자증권(주),100,9000,18000000,14894862,10850
877,신테카바이오,226330,2019-12-17,신규상장,주권,KB증권(주),500,12000,19200000,13154876,21050
878,메드팩토,235980,2019-12-19,신규상장,주권,삼성증권(주),500,40000,60440000,10097421,99900
879,유안타제6호스팩,340360,2019-12-19,신규상장,주권,유안타증권(주),100,2000,13000000,6845000,1995
880,대신밸런스제8호스팩,336570,2019-12-19,신규상장,주권,대신증권(주),100,2000,10000000,5610000,2095
881,브릿지바이오,288330,2019-12-20,신규상장,주권,"대신증권(주),KB증권(주)",500,60000,42000000,5527562,13400
882,하이제5호스팩,340120,2019-12-23,신규상장,주권,하이투자증권(주),100,2000,8500000,5020000,2065
883,엔에이치스팩15,339950,2019-12-24,신규상장,주권,엔에이치투자증권주식회사,100,2000,12000000,6540000,1640
884,메탈라이프,327260,2019-12-24,신규상장,주권,한국투자증권(주),500,13000,9100000,3465288,24500
885,천랩,311690,2019-12-26,신규상장,주권,한국투자증권(주),500,40000,17200000,3808948,47200
886,피피아이,062970,2019-12-26,신규상장,주권,미래에셋대우(주),500,7000,7000000,9308185,6370
887,한화플러스제1호스팩,340440,2019-12-27,신규상장,주권,한화투자증권(주),100,2000,8000000,4710000,2025
888,케이비제20호스팩,342550,2020-01-30,신규상장,주권,KB증권(주),100,2000,12000000,6501000,2040
889,하나금융15호스팩,341160,2020-01-30,신규상장,주권,하나금융투자(주),100,2000,9000000,4710000,2115
890,위세아이텍,065370,2020-02-10,이전상장,주권,교보증권(주),500,12000,10200000,4292500,15417
891,서남,294630,2020-02-20,신규상장,주권,한국투자증권(주),500,3100,10850000,20365160,3640
892,레몬,294140,2020-02-28,신규상장,주권,미래에셋대우(주),500,7200,29520000,34500000,8530
